Time,Distance,Speed,Acceleration X,Acceleration Y,Acceleration Z,Speed Limit,Speed Difference,Speed Severity,Behavior Prediction,Braking Prediction
0.00,0.00000538,12.9185686,-0.0000493588,0.0254787281,-0.9608888,90,-77.08,0.00,safe,smooth
0.01,0.00124496,14.3472261,-0.0000491375322,0.0674786,-0.891338766,90,-75.65,0.00,safe,smooth
0.03,0.00440297,18.9638443,-0.000276870764,-0.0320915,-2.3392632,90,-71.04,0.00,safe,smooth
0.05,0.00803221,26.66041,0.00202111225,-0.0163860656,-2.01457787,90,-63.34,0.00,safe,smooth
0.06,0.01219387,29.6102028,0.0192751139,0.0169382244,-0.5699666,90,-60.39,0.00,safe,smooth
0.06,0.01222266,29.6102028,0.0192751139,0.0169382244,-0.5699666,90,-60.39,0.00,safe,smooth
0.08,0.01687237,34.0569229,0.0117280846,-0.0378806926,-1.70878541,90,-55.94,0.00,safe,smooth
0.10,0.02258696,40.476223,-0.36682564,0.0139840916,-1.83707273,90,-49.52,0.00,safe,smooth
0.12,0.02888018,43.36551,0.0297532119,0.0132362116,-0.3615158,90,-46.63,0.00,safe,smooth
0.13,0.03535379,46.1567955,0.09917449,-0.06416543,-1.02212381,90,-43.84,0.00,safe,smooth
0.15,0.04282502,50.0040359,0.0435944945,-0.00486190571,-1.19427264,90,-40.00,0.00,safe,smooth
0.17,0.05027591,53.65373,0.03181747,-0.00413668342,-1.225356,90,-36.35,0.00,safe,smooth
0.17,0.05032807,53.65373,0.03181747,-0.00413668342,-1.225356,90,-36.35,0.00,safe,smooth
0.18,0.05894850,58.49868,0.0423781872,-0.00103552872,-1.21866119,90,-31.50,0.00,safe,smooth
0.20,0.06898136,62.9354057,0.0270575117,-0.00106425234,-1.17054772,90,-27.06,0.00,safe,smooth
0.20,0.06906877,62.9354057,0.0270575117,-0.00106425234,-1.17054772,90,-27.06,0.00,safe,smooth
0.22,0.07841582,66.698494,0.0166780651,0.0214071,-0.904508,90,-23.30,0.00,safe,smooth
0.22,0.07853625,66.698494,0.0166780651,0.0214071,-0.904508,90,-23.30,0.00,safe,smooth
0.24,0.08782521,67.76144,0.0127184093,0.01952257,-0.197978631,90,-22.24,0.00,safe,smooth
0.24,0.08786286,67.76144,0.0127184093,0.01952257,-0.197978631,90,-22.24,0.00,safe,smooth
0.25,0.09745943,68.88866,0.04535735,-0.00714062434,-0.5748135,90,-21.11,0.00,safe,smooth
0.27,0.10732794,71.56223,-0.000010978918,-0.00493407575,-0.818650961,90,-18.44,0.00,safe,smooth
0.29,0.11928777,74.81389,-0.00020172722,-0.00117637287,-0.8769838,90,-15.19,0.00,safe,smooth
0.29,0.12213446,75.0775452,-0.00001935275,-0.00163107016,-0.8786432,90,-14.92,0.00,safe,smooth
0.31,0.13394694,77.92753,-0.0318592079,0.0142514119,-0.8762858,90,-12.07,0.00,safe,smooth
0.31,0.12966092,77.0846939,-0.0205524918,0.008463507,-0.876045346,90,-12.92,0.00,safe,smooth
0.32,0.14017032,77.92753,-0.0318592079,0.0142514119,-0.8762858,90,-12.07,0.00,safe,smooth
0.32,0.14085218,77.92753,-0.0318592079,0.0142514119,-0.8762858,90,-12.07,0.00,safe,smooth
0.34,0.15273169,79.13393,-0.0252294838,0.00179293694,-0.873378932,90,-10.87,0.00,rushed,smooth
0.34,0.15284181,79.29119,-0.0251735356,0.00117916707,-0.8732072,90,-10.71,0.00,rushed,smooth
0.36,0.16467604,81.85055,-0.0157860443,-0.00312889,-0.8683888,90,-8.15,0.00,rushed,smooth
0.38,0.17717628,84.35028,-0.140880108,0.0115409661,-0.8688581,90,-5.65,0.00,rushed,smooth
0.38,0.17913642,85.01787,-0.0111260032,-0.00313181849,-0.7673221,90,-4.98,0.00,rushed,smooth
0.39,0.18783189,85.99914,-0.0559741743,0.0175780039,-0.180090934,90,-4.00,0.00,rushed,smooth
0.39,0.18946955,86.06686,-0.07177738,0.0490534641,-0.128384441,90,-3.93,0.00,rushed,smooth
0.40,0.19209937,86.06686,-0.07177738,0.0490534641,-0.128384441,90,-3.93,0.00,rushed,smooth
0.41,0.19988226,86.74428,-0.0492317863,-0.0240937266,-0.4336564,90,-3.26,0.00,rushed,smooth
0.42,0.21247932,88.92043,-0.0272894017,-0.0014268083,-0.616723537,90,-1.08,0.00,rushed,smooth
0.43,0.21516062,89.37662,-0.0231838264,0.01555357,-0.5278679,90,-0.62,0.00,rushed,smooth
0.43,0.21738262,89.37662,-0.0231838264,0.01555357,-0.5278679,90,-0.62,0.00,rushed,smooth
0.44,0.22494438,89.99123,-0.01719166,0.026578648,-0.168863907,90,-0.01,0.00,rushed,smooth
0.46,0.23896247,89.79557,0.001256551,0.0123396423,0.120385647,90,-0.20,0.00,rushed,smooth
0.46,0.24161700,89.7308,0.000249708071,0.003672476,0.107956871,90,-0.27,0.00,rushed,smooth
0.46,0.24182881,89.70501,0.000390869158,0.004520624,0.0943492949,90,-0.29,0.00,rushed,smooth
0.48,0.24996301,89.6880341,-0.108010881,0.002938145,-0.049760446,90,-0.31,0.00,rushed,smooth
0.48,0.25566608,89.85142,-0.09068562,-0.000831990968,-0.117317639,90,-0.15,0.00,rushed,smooth
0.49,0.26248097,90.03158,-0.07034729,0.00466183433,-0.108562537,90,0.03,0.00,rushed,smooth
0.50,0.26832639,90.1221,-0.0553005151,-0.00320077268,-0.04027292,90,0.12,0.00,rushed,smooth
0.51,0.27791145,90.09457,-0.04034061,0.00393412542,0.0434210673,90,0.09,0.00,rushed,smooth
0.53,0.28776003,89.9869843,-0.0317366421,-0.00186620583,0.07148312,90,-0.01,0.00,rushed,smooth
0.53,0.29341557,89.88937,-0.022567302,-0.003227761,0.04710622,90,-0.11,0.00,rushed,smooth
0.54,0.29530075,89.88937,-0.022567302,-0.003227761,0.04710622,90,-0.11,0.00,rushed,smooth
0.54,0.30029330,89.8659744,-0.02054516,-0.005232288,0.0110902274,90,-0.13,0.00,rushed,smooth
0.55,0.30602536,89.9146042,-0.014797288,-0.00306789437,-0.0451940671,90,-0.09,0.00,rushed,smooth
0.56,0.31298924,90.0179,0.17994222,0.015975209,-0.0620061122,90,0.02,0.00,rushed,smooth
0.57,0.31858127,90.07295,-0.102430768,-0.06436845,-0.03736599,90,0.07,0.00,rushed,smooth
0.58,0.32547569,90.09044,-0.06455728,0.0162933227,0.00254115462,90,0.09,0.00,rushed,smooth
0.58,0.33126587,90.04162,0.466943443,0.07793587,0.0430434123,90,0.04,0.00,rushed,smooth
0.60,0.34388298,89.9437561,-0.232391968,0.0178450067,0.0398274921,90,-0.06,0.00,rushed,smooth
0.62,0.35488700,89.93067,-0.20809789,0.0105252359,0.034048,90,-0.07,0.00,rushed,smooth
0.62,0.35727218,89.91259,-0.9666529,0.00483998843,-0.009647292,90,-0.09,0.00,rushed,smooth
0.63,0.36439155,89.92895,-0.07275651,0.0248232465,-0.02764957,90,-0.07,0.00,rushed,smooth
0.63,0.36976742,90.01443,-0.039104078,0.00482089724,-0.04681919,90,0.01,0.00,rushed,smooth
0.64,0.37597084,90.0496445,-0.6845072,0.04025552,-0.0451940671,90,0.05,0.00,rushed,smooth
0.65,0.38240132,90.0768661,0.0213732831,0.0443324,-0.0128632206,90,0.08,0.00,rushed,smooth
0.66,0.39019337,90.05257,0.013241359,0.00633039838,0.0275360364,90,0.05,0.00,rushed,smooth
0.66,0.39174428,90.05257,0.013241359,0.00633039838,0.0275360364,90,0.05,0.00,rushed,smooth
0.67,0.39498187,90.00245,-0.0274373237,-0.0144604323,0.0418760553,90,0.00,0.00,rushed,smooth
0.68,0.40268930,89.94093,0.3259225,0.032859914,0.0298936181,90,-0.06,0.00,rushed,smooth
0.69,0.41027046,89.9248,-0.05704479,0.0224341955,-0.00458881166,90,-0.08,0.00,rushed,smooth
0.70,0.41535602,89.96567,-0.008775753,0.0310158432,-0.0264364555,90,-0.03,0.00,rushed,smooth
0.70,0.42021903,90.009285,-0.00581923965,0.0111298515,-0.03133472,90,0.01,0.00,rushed,smooth
0.72,0.43277414,90.0366745,0.0000225409676,0.00140944321,0.0104493285,90,0.04,0.00,rushed,smooth
0.73,0.44052475,90.00711,0.0000330516559,0.0003499451,0.0231184438,90,0.01,0.00,rushed,smooth
0.74,0.44528763,90.00711,0.0000330516559,0.0003499451,0.0231184438,90,0.01,0.00,rushed,smooth
0.74,0.44545008,89.97335,-0.0000702419347,-0.00009325736,0.0251441319,90,-0.03,0.00,rushed,smooth
0.75,0.45324537,89.94561,0.000147927785,-0.0027543162,0.008618198,90,-0.05,0.00,rushed,smooth
0.75,0.45805517,89.94965,-0.0000536270745,0.005807414,-0.007942064,90,-0.05,0.00,rushed,smooth
0.76,0.46575319,89.97679,-0.0436033979,-0.0746009946,-0.0175783765,90,-0.02,0.00,rushed,smooth
0.78,0.47830051,89.98082,-0.5106005,0.09781279,0.0112962211,90,-0.02,0.00,rushed,smooth
0.80,0.49111927,89.9562149,0.1391732,-0.109312661,0.004612601,90,-0.04,0.00,rushed,smooth
0.80,0.49304334,89.9562149,0.1391732,-0.109312661,0.004612601,90,-0.04,0.00,rushed,smooth
0.81,0.50348926,89.96485,0.14203158,0.0202386975,-0.005744716,90,-0.04,0.00,rushed,smooth
0.83,0.51410024,89.98712,0.658478856,0.0514657721,-0.0146714663,90,-0.01,0.00,rushed,smooth
0.83,0.51601266,89.99637,0.0735049248,-0.0156327,-0.00751862442,90,-0.00,0.00,rushed,smooth
0.84,0.52219991,89.99637,0.0735049248,-0.0156327,-0.00751862442,90,-0.00,0.00,rushed,smooth
0.84,0.52342512,90.01547,0.0340840667,0.00738831237,-0.007678847,90,0.02,0.00,rushed,smooth
0.85,0.53451447,90.01504,0.8435209,-0.09348257,0.009991539,90,0.02,0.00,rushed,smooth
0.86,0.53820158,89.99045,-0.927817643,-0.12739487,0.0224088747,90,-0.01,0.00,rushed,smooth
0.86,0.54116349,89.98202,-0.388748258,0.0261084363,0.025659129,90,-0.02,0.00,rushed,smooth
0.88,0.55107627,90.00252,0.018046096,0.0033126343,-0.0138360113,90,0.00,0.00,rushed,smooth
0.88,0.55172629,90.00252,0.018046096,0.0033126343,-0.0138360113,90,0.00,0.00,rushed,smooth
0.89,0.55885353,90.0283051,0.122941189,0.0114252251,0.0001721165,90,0.03,0.00,rushed,smooth
0.89,0.56347977,90.0241547,0.104270115,-0.00521868374,0.00604317,90,0.02,0.00,rushed,smooth
0.91,0.57610383,89.99334,0.09725384,-0.000829881348,0.00337658613,90,-0.01,0.00,rushed,smooth
0.93,0.58745340,89.99652,0.0662318841,-0.0000369027257,-0.009452754,90,-0.00,0.00,rushed,smooth
0.93,0.58825336,89.99652,0.0662318841,-0.0000369027257,-0.009452754,90,-0.00,0.00,rushed,smooth
0.93,0.58881587,90.00035,0.0641061,-0.000330232084,-0.0122795589,90,0.00,0.00,rushed,smooth
0.94,0.60148146,90.02198,0.03921888,-0.008029652,-0.00803362951,90,0.02,0.00,rushed,smooth
0.96,0.61248329,90.0149841,0.02953424,-0.009454854,0.008881413,90,0.01,0.00,rushed,smooth
0.97,0.61989684,90.01279,0.02308863,0.00429318,0.00270135677,90,0.01,0.00,rushed,smooth
0.98,0.62505853,89.9857254,-0.0007214297,0.0175219811,0.00117923273,90,-0.01,0.00,rushed,smooth
0.98,0.63219525,89.9901657,0.5611967,-0.06818527,-0.0071524,90,-0.01,0.00,rushed,smooth
0.98,0.62868313,89.9901657,0.5611967,-0.06818527,-0.0071524,90,-0.01,0.00,rushed,smooth
0.99,0.63768233,89.99317,-0.08026929,0.01911657,-0.00765596144,90,-0.01,0.00,rushed,smooth
0.99,0.63905725,89.9949646,-0.07728289,0.0219225176,-0.00734695932,90,-0.01,0.00,rushed,smooth
1.01,0.65028186,89.99688,-0.083363466,-0.0102224387,0.007233396,90,-0.00,0.00,rushed,smooth
1.01,0.65263179,89.99703,-0.09153738,0.0296617523,0.001625566,90,-0.00,0.00,rushed,smooth
1.03,0.66299222,89.98206,-0.11875131,-0.0615572557,0.0123948874,90,-0.02,0.00,rushed,smooth
1.03,0.66509176,89.98034,-0.204542026,-0.0521819144,-0.004337043,90,-0.02,0.00,rushed,smooth
1.05,0.67748668,89.96313,0.213743463,0.03676273,0.007599622,90,-0.04,0.00,rushed,smooth
1.05,0.67777409,89.97135,-0.120077759,-0.0245816223,-0.0137101281,90,-0.03,0.00,rushed,smooth
1.06,0.69048321,89.97604,-0.138329431,-0.00205125939,-0.00448582135,90,-0.02,0.00,rushed,smooth
1.08,0.70650838,90.001,0.268733948,0.04502336,0.00381147629,90,0.00,0.00,rushed,smooth
1.09,0.71115828,89.99793,-0.09797381,-0.05469063,0.008229074,90,-0.00,0.00,rushed,smooth
1.10,0.71543267,89.98729,-0.1282468,-0.10534355,0.00493304245,90,-0.01,0.00,rushed,smooth
1.11,0.72643073,89.9841461,-0.119046904,0.02924982,-0.00168190477,90,-0.02,0.00,rushed,smooth
1.12,0.73371714,89.98649,-0.1098715,0.0131215062,-0.00390214683,90,-0.01,0.00,rushed,smooth
1.12,0.73570452,89.99475,-0.0772346854,-0.0658782348,-0.0141679095,90,-0.01,0.00,rushed,smooth
1.13,0.73880465,90.00363,0.413143158,0.0829983,-0.0133438995,90,0.00,0.00,rushed,smooth
1.13,0.74442988,90.00363,0.413143158,0.0829983,-0.0133438995,90,0.00,0.00,rushed,smooth
1.14,0.75149357,90.01526,-0.100989111,-0.006663124,0.00145390711,90,0.02,0.00,rushed,smooth
1.15,0.75719454,90.01526,-0.100989111,-0.006663124,0.00145390711,90,0.02,0.00,rushed,smooth
1.15,0.75741956,90.00902,0.7252173,0.0962320641,0.008160413,90,0.01,0.00,rushed,smooth
1.16,0.76413246,90.00534,-0.123971209,0.04058685,0.00317058619,90,0.01,0.00,rushed,smooth
1.16,0.76680745,89.99965,-0.108119883,0.0109061431,0.00561972,90,-0.00,0.00,rushed,smooth
1.18,0.77677034,90.00351,-0.104363814,0.030572325,-0.004520151,90,0.00,0.00,rushed,smooth
1.18,0.77920802,90.00673,-0.0934945345,0.0132757155,-0.005355603,90,0.01,0.00,rushed,smooth
1.20,0.79175615,89.9866,-0.115556754,0.0338725373,0.0160342585,90,-0.01,0.00,rushed,smooth
1.22,0.80615116,89.96877,0.208073661,0.0704284459,-0.00216257758,90,-0.03,0.00,rushed,smooth
1.23,0.81298628,89.96877,0.208073661,0.0704284459,-0.00216257758,90,-0.03,0.00,rushed,smooth
1.23,0.81858702,90.01184,-0.133389369,0.020660935,-0.0235982221,90,0.01,0.00,rushed,smooth
1.25,0.82909069,90.031456,-0.123019353,-0.009590785,-0.02280855,90,0.03,0.00,rushed,smooth
1.25,0.83139210,90.05532,-0.01158573,0.02851092,-0.0000110071924,90,0.06,0.00,rushed,smooth
1.26,0.84057108,90.03904,0.5048035,0.0110965446,0.0121545494,90,0.04,0.00,rushed,smooth
1.27,0.84389662,90.0146,-0.0738567,0.02209006,0.024755,90,0.01,0.00,rushed,smooth
1.28,0.85272562,90.04079,-0.04829762,0.0327324681,-0.0330514163,90,0.04,0.00,rushed,smooth
1.28,0.85433984,90.0958939,0.0517311879,-0.04908128,-0.0468421057,90,0.10,0.00,rushed,smooth
1.28,0.85606690,90.10719,-0.00160836312,0.01637033,-0.0371142365,90,0.11,0.00,rushed,smooth
1.30,0.86565326,90.10679,0.0009894283,0.00146356621,0.03075194,90,0.11,0.00,rushed,smooth
1.30,0.87007843,90.00348,-0.0005323117,0.00214958563,0.05580407,90,0.00,0.00,rushed,smooth
1.30,0.87019093,90.00348,-0.0005323117,0.00214958563,0.05580407,90,0.00,0.00,rushed,smooth
1.32,0.88033141,89.91552,-0.000179512965,-0.0022128108,0.0232328847,90,-0.08,0.00,rushed,smooth
1.34,0.89542312,90.02514,0.0327272341,0.010120145,-0.0379382372,90,0.03,0.00,rushed,smooth
1.35,0.90447902,90.0586548,0.026451014,0.0180557929,-0.0284850467,90,0.06,0.00,rushed,smooth
1.35,0.90539231,90.07805,0.0251149926,0.0137853269,-0.0239873361,90,0.08,0.00,rushed,smooth
1.35,0.90756900,90.06993,0.023938708,-0.0006140185,0.0130128935,90,0.07,0.00,rushed,smooth
1.36,0.91413660,90.06993,0.023938708,-0.0006140185,0.0130128935,90,0.07,0.00,rushed,smooth
1.37,0.91814553,89.92002,0.07281507,0.01941407,0.0790021643,90,-0.08,0.00,rushed,smooth
1.37,0.92020560,89.89378,0.06388626,0.03625393,0.06436459,90,-0.11,0.00,rushed,smooth
1.39,0.93273480,89.94041,-0.0204016715,0.00279803877,-0.08316711,90,-0.06,0.00,rushed,smooth
1.41,0.95101497,90.21059,-0.0127901146,0.0144699095,-0.06324215,90,0.21,0.00,rushed,smooth
1.41,0.95152848,90.17737,-0.0006799164,0.0111298654,0.0572804064,90,0.18,0.00,rushed,smooth
1.43,0.96401384,89.8945847,-0.000182485979,-0.00181282219,0.0829161853,90,-0.11,0.00,rushed,smooth
1.43,0.96510007,89.8945847,-0.000182485979,-0.00181282219,0.0829161853,90,-0.11,0.00,rushed,smooth
1.46,0.98687481,89.89574,0.176567465,-0.0436455421,-0.06355115,90,-0.10,0.00,rushed,smooth
1.46,0.98703746,90.0833054,-0.036757,0.00612179842,-0.06224649,90,0.08,0.00,rushed,smooth
1.46,0.98746286,90.0833054,-0.036757,0.00612179842,-0.06224649,90,0.08,0.00,rushed,smooth
1.47,0.99342148,90.13046,0.040572878,0.0235177428,-0.0105514629,90,0.13,0.00,rushed,smooth
1.47,0.99930310,90.10133,0.04114608,0.009369511,0.0356845148,90,0.10,0.00,rushed,smooth
1.48,0.99987859,90.07825,0.512244344,0.06980835,0.04746095,90,0.08,0.00,rushed,smooth
1.48,1.00591614,90.0006561,-0.00235527963,0.026466053,0.06391821,90,0.00,0.00,rushed,smooth
1.49,1.01219699,89.9048,-0.0002957505,-0.000402253063,0.02771911,90,-0.10,0.00,rushed,smooth
1.50,1.01861531,89.906395,-0.000124310711,-0.00280823349,-0.0129777091,90,-0.09,0.00,rushed,smooth
1.52,1.03123554,90.05516,-0.00009772484,0.001366017,-0.037423268,90,0.06,0.00,rushed,smooth
1.53,1.04392839,90.03797,0.0000211795723,0.00159856176,0.03214815,90,0.04,0.00,rushed,smooth
1.54,1.04627938,90.03797,0.0000211795723,0.00159856176,0.03214815,90,0.04,0.00,rushed,smooth
1.55,1.05594023,89.98464,0.0000906983041,0.0000383702572,0.0369319767,90,-0.02,0.00,rushed,smooth
1.55,1.05657733,89.9437561,-0.000151288608,-0.00322171138,0.0197765939,90,-0.06,0.00,rushed,smooth
1.56,1.06253626,89.94605,-0.407924116,0.0551097356,-0.0106430193,90,-0.05,0.00,rushed,smooth
1.57,1.06898548,89.98918,0.0761821,0.0455194861,-0.0274436176,90,-0.01,0.00,rushed,smooth
1.57,1.07121022,89.98918,0.0761821,0.0455194861,-0.0274436176,90,-0.01,0.00,rushed,smooth
1.58,1.07513638,90.0268,0.5155393,-0.0163709447,-0.0327996649,90,0.03,0.00,rushed,smooth
1.59,1.08766663,90.03766,0.000207059333,0.002440275,0.0107697332,90,0.04,0.00,rushed,smooth
1.60,1.09405418,90.0007858,0.0000401027937,-0.00125115132,0.0216191672,90,0.00,0.00,rushed,smooth
1.61,1.10033968,89.97141,0.000143348385,-0.000289580319,0.0141229862,90,-0.03,0.00,rushed,smooth
1.61,1.10243893,89.96782,-0.00034790067,-0.00303562381,0.0109871794,90,-0.03,0.00,rushed,smooth
1.63,1.11267568,89.99338,-0.5566126,0.08574153,-0.01466006,90,-0.01,0.00,rushed,smooth
1.63,1.11926428,90.0150757,0.05127737,0.0431414023,-0.009132341,90,0.02,0.00,rushed,smooth
1.65,1.13040380,90.01633,0.030009361,-0.00323084951,0.007382146,90,0.02,0.00,rushed,smooth
1.65,1.13439131,90.00021,0.0227145627,-0.00010379919,0.0104721757,90,0.00,0.00,rushed,smooth
1.67,1.14780129,89.98309,0.0133076729,-0.00320007419,0.0006756394,90,-0.02,0.00,rushed,smooth
1.67,1.14920103,89.98296,0.0126664881,-0.00136619131,0.000114856528,90,-0.02,0.00,rushed,smooth
1.69,1.15832505,89.99034,0.109711282,-0.00427258,-0.01024246,90,-0.01,0.00,rushed,smooth
1.69,1.16068742,89.99519,-0.6327311,0.106531017,-0.00246016821,90,-0.00,0.00,rushed,smooth
1.70,1.16521281,90.00772,0.05321297,0.0440121554,-0.005000861,90,0.01,0.00,rushed,smooth
1.70,1.16958819,90.00772,0.05321297,0.0440121554,-0.005000861,90,0.01,0.00,rushed,smooth
1.71,1.17237602,90.01063,-0.00200472726,0.0348015167,0.00156830926,90,0.01,0.00,rushed,smooth
1.73,1.18771255,89.99432,0.0348679423,0.00574229,0.00680991029,90,-0.01,0.00,rushed,smooth
1.73,1.19159955,89.98854,0.0266756564,-0.00298343,0.00328498846,90,-0.01,0.00,rushed,smooth
1.73,1.19189951,89.98854,0.0266756564,-0.00298343,0.00328498846,90,-0.01,0.00,rushed,smooth
1.74,1.19787408,89.99342,-0.455126077,0.07205385,-0.00508097652,90,-0.01,0.00,rushed,smooth
1.76,1.21188784,90.00812,0.0131577915,0.00195104233,-0.00284928735,90,0.01,0.00,rushed,smooth
1.77,1.21797584,90.0073,-0.000430177141,0.005969537,0.0014424196,90,0.01,0.00,rushed,smooth
1.77,1.22305124,90.00723,0.0554638,-0.1576831,-0.009155234,90,0.01,0.00,rushed,smooth
1.78,1.22961306,89.990654,0.0438995659,0.014687405,0.00480711926,90,-0.01,0.00,rushed,smooth
1.78,1.23177534,89.990654,0.0438995659,0.014687405,0.00480711926,90,-0.01,0.00,rushed,smooth
1.79,1.23587485,89.98921,-0.000665389642,0.0290305782,-0.00122415682,90,-0.01,0.00,rushed,smooth
1.81,1.24838842,90.00771,-0.0000357523277,0.00128179486,-0.004668966,90,0.01,0.00,rushed,smooth
1.82,1.25675189,90.0105057,-0.0000317867125,0.000619072642,0.000275079568,90,0.01,0.00,rushed,smooth
1.82,1.26101459,90.0041962,0.000277647661,-0.00134871923,0.00430356,90,0.00,0.00,rushed,smooth
1.83,1.26745180,89.99593,0.00115220877,-0.0003770342,0.00417766953,90,-0.00,0.00,rushed,smooth
1.84,1.27425123,89.99244,0.00004328283,0.00126960094,0.0007328604,90,-0.01,0.00,rushed,smooth
1.86,1.28695143,90.0014,0.00000392929769,-0.0000259970111,-0.00338717853,90,0.00,0.00,rushed,smooth
1.87,1.29340179,90.0050354,0.0000250120611,0.000813244,-0.0009952676,90,0.01,0.00,rushed,smooth
1.88,1.30063957,90.00348,0.000157808434,-0.0002364023,0.001556867,90,0.00,0.00,rushed,smooth
1.88,1.30567704,89.99953,0.0000229998732,0.000123659673,0.002220651,90,-0.00,0.00,rushed,smooth
1.89,1.31283929,89.99683,-0.00002722328,0.0000168253609,0.000629857939,90,-0.00,0.00,rushed,smooth
1.90,1.31791411,89.9967346,0.0000388891422,-0.000177346461,-0.00006825955,90,-0.00,0.00,rushed,smooth
1.90,1.31981406,89.99758,-0.0000177993388,-0.0009626392,-0.0009266008,90,-0.00,0.00,rushed,smooth
1.91,1.32518905,89.99989,-0.000165516482,0.0004670578,-0.00177349756,90,-0.00,0.00,rushed,smooth
1.92,1.33232637,89.99779,0.000113950242,-0.00000134267611,0.00698158331,90,-0.00,0.00,rushed,smooth
1.93,1.33931149,89.9693146,0.00087505416,-0.004767596,0.015587884,90,-0.03,0.00,rushed,smooth
1.94,1.34515839,89.95233,0.00103149132,-0.002661519,0.0110901771,90,-0.05,0.00,rushed,smooth
1.94,1.35096748,89.94719,0.000738047762,-0.00437223958,-0.000938043464,90,-0.05,0.00,rushed,smooth
1.95,1.35880245,89.97093,-0.000698043732,-0.000889233954,-0.015094948,90,-0.03,0.00,rushed,smooth
1.96,1.36356471,89.9953842,-0.0007593436,-0.000922298059,-0.0157816224,90,-0.00,0.00,rushed,smooth
1.97,1.37130382,90.01883,-0.00140407775,-0.000886179041,-0.002837839,90,0.02,0.00,rushed,smooth
1.98,1.37681741,90.01767,-0.000889202463,-0.004121226,0.002048984,90,0.02,0.00,rushed,smooth
1.99,1.38504244,90.0003357,0.06456622,0.03824032,0.00318198977,90,0.00,0.00,rushed,smooth
1.99,1.38876719,89.99403,0.0504089445,-0.001427694,0.00280431961,90,-0.01,0.00,rushed,smooth
2.00,1.39681756,90.00413,0.03523338,-0.0008033551,-0.00878900848,90,0.00,0.00,rushed,smooth
2.01,1.40224389,90.02206,-0.492803425,0.0317991264,-0.0155298486,90,0.02,0.00,rushed,smooth
2.02,1.40964788,90.04847,0.0730198249,0.00337769557,-0.009807569,90,0.05,0.00,rushed,smooth
2.03,1.41426323,90.05576,0.0559979677,0.00141236023,-0.003787736,90,0.06,0.00,rushed,smooth
2.04,1.42253094,90.05668,0.0400352366,0.0006318228,0.00153398,90,0.06,0.00,rushed,smooth
2.04,1.42665813,90.04789,-0.7765293,0.09954991,0.009739722,90,0.05,0.00,rushed,smooth
2.06,1.43530065,90.05233,0.158513114,-0.0791550353,-0.007999332,90,0.05,0.00,rushed,smooth
2.06,1.43935325,90.057785,0.125165626,0.021557115,-0.00572186429,90,0.06,0.00,rushed,smooth
2.07,1.44772262,90.07391,0.08956074,0.005064493,-0.009796125,90,0.07,0.00,rushed,smooth
2.08,1.45187647,90.08346,0.07471247,0.0039689783,-0.008983561,90,0.08,0.00,rushed,smooth
2.09,1.46024766,90.09356,0.124609351,0.0437790938,0.007347809,90,0.09,0.00,rushed,smooth
2.09,1.46442686,90.0904541,0.1057161,0.0202830359,0.00605457556,90,0.09,0.00,rushed,smooth
2.11,1.47442084,90.05844,0.0640168861,0.000453462359,0.0115250731,90,0.06,0.00,rushed,smooth
2.11,1.47918588,90.04786,0.0532782376,-0.00735262455,0.00442945352,90,0.05,0.00,rushed,smooth
2.12,1.48587653,90.04238,0.0355295949,-0.00329152262,-0.000560371031,90,0.04,0.00,rushed,smooth
2.13,1.49182962,90.04677,0.0231332872,0.00293554366,-0.00336428615,90,0.05,0.00,rushed,smooth
2.14,1.49910851,90.0481949,0.0177063812,-0.00775938,-0.000354369171,90,0.05,0.00,rushed,smooth
2.15,1.50492411,90.0478745,0.0202062111,-0.0077246,0.003433777,90,0.05,0.00,rushed,smooth
2.16,1.51116396,90.03393,0.0461497754,-0.00471964758,0.0111702913,90,0.03,0.00,rushed,smooth
2.17,1.52074075,90.0168152,-0.00132524222,-0.00117594935,0.006603918,90,0.02,0.00,rushed,smooth
2.19,1.53881682,90.00536,0.0281595364,0.00136647094,0.00183154258,90,0.01,0.00,rushed,smooth
2.20,1.54262919,89.9969559,0.020688815,0.00358131249,0.00695870025,90,-0.00,0.00,rushed,smooth
2.21,1.54771613,89.99005,0.0176339243,-0.00008997298,0.00563113,90,-0.01,0.00,rushed,smooth
2.21,1.55162801,89.98564,0.0148419086,0.0003491775,0.004315007,90,-0.01,0.00,rushed,smooth
2.22,1.56038724,89.96642,0.73324734,0.0658834353,0.008354934,90,-0.03,0.00,rushed,smooth
2.23,1.56354821,89.9564743,-0.0455793962,0.03375672,0.0153933316,90,-0.04,0.00,rushed,smooth
2.24,1.57506630,89.9460144,-0.01130026,-0.172039852,-0.03341768,90,-0.05,0.00,rushed,smooth
2.26,1.58623879,90.080574,-0.06658983,0.009156922,-0.045365788,90,0.08,0.00,rushed,smooth
2.26,1.58830344,90.09359,-0.0610014945,0.00485928124,-0.0400784053,90,0.09,0.00,rushed,smooth
2.26,1.59031821,90.10157,-0.05812914,0.00584800541,-0.0349970236,90,0.10,0.00,rushed,smooth
2.27,1.59886213,90.06774,-0.0385215,0.007063292,0.0408574529,90,0.07,0.00,rushed,smooth
2.28,1.60330038,90.01502,-0.0330215432,0.0105060041,0.05037932,90,0.02,0.00,rushed,smooth
2.29,1.61145623,89.9267654,-0.0644388944,0.0148645863,0.029618904,90,-0.07,0.00,rushed,smooth
2.30,1.61547790,89.9253845,-0.0469789319,0.006336631,-0.00315828575,90,-0.07,0.00,rushed,smooth
2.31,1.62821542,90.0002,-0.03503988,0.00226848456,-0.0153238438,90,0.00,0.00,rushed,smooth
2.33,1.64082067,89.9482651,-0.0417783074,0.0170507319,0.03473462,90,-0.05,0.00,rushed,smooth
2.33,1.64319431,89.9482651,-0.0417783074,0.0170507319,0.03473462,90,-0.05,0.00,rushed,smooth
2.35,1.65358870,89.84343,-0.050428845,0.0120381489,0.0200627018,90,-0.16,0.00,rushed,smooth
2.35,1.65624656,89.84343,-0.050428845,0.0120381489,0.0200627018,90,-0.16,0.00,rushed,smooth
2.37,1.66969941,89.85204,-0.105093464,0.00350386463,-0.00659165345,90,-0.15,0.00,rushed,smooth
2.37,1.67416748,89.86058,0.732328236,0.06847514,-0.02663106,90,-0.14,0.00,rushed,smooth
2.38,1.67884934,89.89173,-0.136158749,0.0196263231,-0.0138932709,90,-0.11,0.00,rushed,smooth
2.38,1.68192064,89.89173,-0.136158749,0.0196263231,-0.0138932709,90,-0.11,0.00,rushed,smooth
2.39,1.68834089,89.93351,-0.03359618,0.0241615623,-0.0119362511,90,-0.07,0.00,rushed,smooth
2.41,1.70055667,89.9321442,0.174701437,-0.04127556,0.00397167,90,-0.07,0.00,rushed,smooth
2.41,1.70381656,89.92783,-0.186918125,-0.1266818,0.00244954415,90,-0.07,0.00,rushed,smooth
2.42,1.70715138,89.92783,-0.186918125,-0.1266818,0.00244954415,90,-0.07,0.00,rushed,smooth
2.43,1.71301981,89.89936,-0.09436607,-0.0217160434,0.00049253006,90,-0.10,0.00,rushed,smooth
2.44,1.72557769,89.9668655,-0.406461835,-0.0160294957,-0.0370684825,90,-0.03,0.00,rushed,smooth
2.45,1.73135233,89.99439,0.0114079481,-0.0059209764,-0.0171435215,90,-0.01,0.00,rushed,smooth
2.46,1.74050290,90.00563,-0.00186472025,0.00127171539,0.000286528841,90,0.01,0.00,rushed,smooth
2.47,1.74466537,89.99945,-0.001239253,0.0153066944,0.00631780736,90,-0.00,0.00,rushed,smooth
2.48,1.75258890,89.98324,-0.5346038,0.0158612076,0.00139665173,90,-0.02,0.00,rushed,smooth
2.48,1.75631307,89.97995,0.017871391,-0.0128927827,0.00726770656,90,-0.02,0.00,rushed,smooth
2.50,1.76503949,90.0147,0.000516520347,0.00507889874,-0.0160448421,90,0.01,0.00,rushed,smooth
2.50,1.76734014,90.0253,-0.00325700152,-0.0029416224,-0.0136529282,90,0.03,0.00,rushed,smooth
2.50,1.76739015,90.0253,-0.00325700152,-0.0029416224,-0.0136529282,90,0.03,0.00,rushed,smooth
2.51,1.77773394,90.05472,-0.00006986447,-0.00124471332,-0.00759876147,90,0.05,0.00,rushed,smooth
2.53,1.79032309,90.0118,-0.0298961867,0.0153965754,0.0359248668,90,0.01,0.00,rushed,smooth
2.53,1.79309785,89.9922562,-0.8435636,-0.01895769,0.03257161,90,-0.01,0.00,rushed,smooth
2.53,1.79472237,89.9732361,-0.0634546354,-0.0906327739,0.0420019254,90,-0.03,0.00,rushed,smooth
2.55,1.80560082,89.9252,0.0297355428,0.008905606,0.008194723,90,-0.07,0.00,rushed,smooth
2.55,1.80575070,89.92688,0.02746867,-0.00219816621,-0.00172770186,90,-0.07,0.00,rushed,smooth
2.56,1.81562556,89.99877,0.0176357068,-0.00519524561,-0.0308540817,90,-0.00,0.00,rushed,smooth
2.57,1.81835076,90.00663,0.0126368087,0.00161472568,-0.0330628827,90,0.01,0.00,rushed,smooth
2.58,1.82866910,90.0509644,0.008601467,0.00377793936,0.00317055848,90,0.05,0.00,rushed,smooth
2.59,1.83424626,90.03489,-0.156811982,-0.1364582,0.009178944,90,0.03,0.00,rushed,smooth
2.60,1.84087117,89.9987,0.0577559322,0.0144264344,0.0144892121,90,-0.00,0.00,rushed,smooth
2.60,1.84352094,89.9923,-0.227651954,0.03195093,0.0122804139,90,-0.01,0.00,rushed,smooth
2.61,1.85338403,90.00534,0.080494985,-0.0676913559,-0.0103912363,90,0.01,0.00,rushed,smooth
2.62,1.85729739,90.0199356,0.08697268,0.0282722954,-0.0220990088,90,0.02,0.00,rushed,smooth
2.63,1.86601641,90.06733,0.05960999,-0.00127832848,-0.0143396026,90,0.07,0.00,rushed,smooth
2.64,1.87008230,90.07518,0.0494419076,0.0001415892,-0.005687523,90,0.08,0.00,rushed,smooth
2.65,1.87851337,90.06479,0.03304699,-0.00168976723,0.009785508,90,0.06,0.00,rushed,smooth
2.66,1.88701736,90.0422745,0.0567740239,0.02673297,0.0064437,90,0.04,0.00,rushed,smooth
2.66,1.89141930,90.03958,0.04654961,0.00182066509,0.000320865831,90,0.04,0.00,rushed,smooth
2.68,1.90008826,90.0671,0.032631062,0.0267872438,-0.0240674689,90,0.07,0.00,rushed,smooth
2.68,1.90496720,90.07284,0.0222345125,-0.0551705,0.0859947652,90,0.07,0.00,rushed,smooth
2.70,1.91740747,89.83946,0.0402455,0.005673549,-0.07681541,90,-0.16,0.00,rushed,smooth
2.71,1.92665067,90.05549,0.08851726,0.010739415,-0.186889067,90,0.06,0.00,rushed,smooth
2.72,1.93067055,90.16556,0.06754642,0.0445652977,-0.1834557,90,0.17,0.00,rushed,smooth
2.72,1.93692682,90.27085,0.0582169145,0.04544964,-0.158437908,90,0.27,0.00,rushed,smooth
2.73,1.94341071,90.297966,0.0601814464,0.0150105283,-0.13574338,90,0.30,0.00,rushed,smooth
2.74,1.94848998,90.297966,0.0601814464,0.0150105283,-0.13574338,90,0.30,0.00,rushed,smooth
2.75,1.95954469,90.24255,0.0783328637,0.07206174,0.122560114,90,0.24,0.00,rushed,smooth
2.77,1.96918796,89.9373,0.06172318,-0.0328627154,0.164161086,90,-0.06,0.00,rushed,smooth
2.77,1.97140690,89.7545242,0.04816556,0.00157207367,0.1445108,90,-0.25,0.00,rushed,smooth
2.78,1.97993880,89.67839,0.0397802368,-0.0152445016,0.0196049958,90,-0.32,0.00,rushed,smooth
2.79,1.98430384,89.7952042,0.06996124,-0.0134809213,-0.10114643,90,-0.20,0.00,rushed,smooth
2.80,1.99453783,90.18934,0.549324751,0.050805416,-0.126244351,90,0.19,0.00,rushed,smooth
2.80,1.99683147,90.24183,0.5350268,-0.089337796,-0.09964722,90,0.24,0.00,rushed,smooth
2.82,2.00588399,90.27439,-0.2610871,0.018444363,0.007027426,90,0.27,0.00,rushed,smooth
2.82,2.00988849,90.10123,0.0438069142,0.0536008067,0.119069554,90,0.10,0.00,rushed,smooth
2.83,2.01778021,89.90565,0.06901241,-0.08533739,0.11644876,90,-0.09,0.00,rushed,smooth
2.84,2.02407888,89.8028259,-0.0299400855,0.00117679825,-0.005504377,90,-0.20,0.00,rushed,smooth
2.85,2.03003206,89.85942,-0.0236639362,-0.009470946,-0.0626927838,90,-0.14,0.00,rushed,smooth
2.86,2.03648593,90.05398,-0.0168484934,-0.007176868,-0.0914415,90,0.05,0.00,rushed,smooth
2.86,2.04134354,90.14112,-0.012122117,0.0131667648,-0.0532853529,90,0.14,0.00,rushed,smooth
2.87,2.04911593,90.11472,-0.124077387,-0.141584158,0.0402395129,90,0.11,0.00,rushed,smooth
2.88,2.05300520,90.0409851,-0.03597488,0.0321036652,0.07241014,90,0.04,0.00,rushed,smooth
2.88,2.05403067,90.0409851,-0.03597488,0.0321036652,0.07241014,90,0.04,0.00,rushed,smooth
2.89,2.06340609,89.8841858,-0.09450831,0.04382827,0.05468253,90,-0.12,0.00,rushed,smooth
2.91,2.07406123,89.93787,-0.114858292,-0.106986985,-0.0590190627,90,-0.06,0.00,rushed,smooth
2.91,2.07811197,90.0165,-0.08838435,0.0126185725,-0.05584892,90,0.02,0.00,rushed,smooth
2.91,2.07828700,90.0165,-0.08838435,0.0126185725,-0.05584892,90,0.02,0.00,rushed,smooth
2.93,2.08761989,90.07608,0.220942855,0.0306401979,-0.00585911563,90,0.08,0.00,rushed,smooth
2.93,2.09077211,90.0634842,-0.163109645,-0.131346717,0.0175678767,90,0.06,0.00,rushed,smooth
2.94,2.09926763,89.95263,-0.105557077,-0.0562268645,0.05483132,90,-0.05,0.00,rushed,smooth
2.96,2.11180059,89.87777,-0.06649792,-0.006168846,-0.008205259,90,-0.12,0.00,rushed,smooth
2.96,2.11728269,89.91143,-0.05334088,-0.004609633,-0.0310371332,90,-0.09,0.00,rushed,smooth
2.97,2.12431665,89.9547043,-0.04408126,-0.00485442253,-0.0388652,90,-0.05,0.00,rushed,smooth
2.98,2.13113042,90.01681,-0.09968222,-0.1600356,-0.0148774311,90,0.02,0.00,rushed,smooth
2.99,2.13690616,90.0115662,-0.05643864,0.0168965887,0.010586693,90,0.01,0.00,rushed,smooth
3.00,2.14184241,89.97715,-0.0429234728,-0.00119854638,0.0234503672,90,-0.02,0.00,rushed,smooth
3.00,2.14327954,89.97715,-0.0429234728,-0.00119854638,0.0234503672,90,-0.02,0.00,rushed,smooth
3.01,2.14956272,89.93805,-0.0304406546,-0.00287996768,0.0150386263,90,-0.06,0.00,rushed,smooth
3.02,2.16214475,89.9609,-0.0958994254,0.0387652442,-0.0177843478,90,-0.04,0.00,rushed,smooth
3.03,2.16940730,90.00062,-0.06660894,0.0010832462,-0.0242390726,90,0.00,0.00,rushed,smooth
3.04,2.17472181,90.0340958,-0.04840526,-0.0005981842,-0.0133209759,90,0.03,0.00,rushed,smooth
3.05,2.18124946,90.0365753,-0.0380010679,0.00177953,0.002037609,90,0.04,0.00,rushed,smooth
3.06,2.18732514,90.01012,-0.0266955011,0.00158249412,0.0155192912,90,0.01,0.00,rushed,smooth
3.07,2.19427498,89.99782,0.0993959755,-0.0417965539,0.00217494671,90,-0.00,0.00,rushed,smooth
3.08,2.19992447,89.99202,-0.0482299551,0.0131630944,-0.00472611561,90,-0.01,0.00,rushed,smooth
3.08,2.20530018,90.01182,-0.1492004,-0.162599355,-0.0217670482,90,0.01,0.00,rushed,smooth
3.09,2.21245381,90.04567,0.44440192,0.0145050464,-0.0237240717,90,0.05,0.00,rushed,smooth
3.10,2.21798275,90.06418,-0.109870851,0.0438257866,-0.0136872008,90,0.06,0.00,rushed,smooth
3.11,2.22512590,90.0712662,-0.07504475,-0.00176095462,0.003410956,90,0.07,0.00,rushed,smooth
3.12,2.22992947,90.06689,-0.06508614,-0.0003499753,0.005825755,90,0.07,0.00,rushed,smooth
3.13,2.23769741,90.06312,-0.04474668,0.0244243629,-0.008113707,90,0.06,0.00,rushed,smooth
3.13,2.24479888,90.0185852,-0.03290441,0.00531938765,0.0279022921,90,0.02,0.00,rushed,smooth
3.14,2.24501137,89.99815,-0.0310898218,-0.000295454753,0.03405946,90,-0.00,0.00,rushed,smooth
3.14,2.25033369,89.95471,0.221127,-0.0821115449,0.0277764015,90,-0.05,0.00,rushed,smooth
3.15,2.25737763,89.9226,-0.139228389,0.00483691134,0.00212916918,90,-0.08,0.00,rushed,smooth
3.16,2.26507296,89.94545,-0.112760976,-0.006693388,-0.0217327178,90,-0.05,0.00,rushed,smooth
3.18,2.27570136,90.0287857,-0.020533938,0.0275308732,-0.0202678163,90,0.03,0.00,rushed,smooth
3.19,2.28249133,90.03274,-0.09954995,0.00493008271,0.0117311431,90,0.03,0.00,rushed,smooth
3.19,2.28728011,90.02397,-0.111251384,0.0460229479,0.01700708,90,0.02,0.00,rushed,smooth
3.20,2.29006730,89.99023,0.0340489633,-0.103049546,0.0318506621,90,-0.01,0.00,rushed,smooth
3.20,2.29507756,89.95967,-0.05441433,-0.006669743,0.0132875983,90,-0.04,0.00,rushed,smooth
3.21,2.30088721,89.95586,0.008025656,0.0235737748,-0.00509235077,90,-0.04,0.00,rushed,smooth
3.22,2.30781126,89.9877,-0.0623796247,-0.027450284,-0.02455953,90,-0.01,0.00,rushed,smooth
3.23,2.31352461,90.01343,-0.42136687,0.0240781214,-0.0192149244,90,0.01,0.00,rushed,smooth
3.24,2.32027616,90.02064,0.123940364,0.0276038088,-0.00101809076,90,0.02,0.00,rushed,smooth
3.25,2.33298956,90.00638,0.0002118086,0.00863873,-0.000880756648,90,0.01,0.00,rushed,smooth
3.27,2.34979143,90.01003,0.0151224174,-0.148972973,-0.0125198644,90,0.01,0.00,rushed,smooth
3.28,2.35114159,90.01003,0.0151224174,-0.148972973,-0.0125198644,90,0.01,0.00,rushed,smooth
3.28,2.35686675,90.00252,-0.364111364,0.017617479,0.0125322556,90,0.00,0.00,rushed,smooth
3.29,2.35790434,90.00859,0.1263812,-0.0112783853,0.004063288,90,0.01,0.00,rushed,smooth
3.30,2.36663078,90.0148239,-0.0239825789,-0.0117363036,-0.0116157457,90,0.01,0.00,rushed,smooth
3.30,2.36709334,90.01081,-0.234547079,-0.053354,0.00422351,90,0.01,0.00,rushed,smooth
3.30,2.37060650,90.01703,0.140516564,0.0122245252,-0.00153309852,90,0.02,0.00,rushed,smooth
3.31,2.37664550,90.0224,0.128918618,-0.04580461,0.004406621,90,0.02,0.00,rushed,smooth
3.33,2.38831142,90.02634,0.157328129,0.0192686915,0.0022321553,90,0.03,0.00,rushed,smooth
3.33,2.39014936,90.02178,0.154620633,0.0120026078,0.0109185688,90,0.02,0.00,rushed,smooth
3.35,2.40277323,90.0811157,0.07955671,0.00161904958,-0.0322388224,90,0.08,0.00,rushed,smooth
3.35,2.40976971,90.1156158,0.06465576,0.00297577586,-0.0239300877,90,0.12,0.00,rushed,smooth
3.36,2.41539008,90.12624,0.0444982424,0.00245291623,0.007851427,90,0.13,0.00,rushed,smooth
3.37,2.42396124,90.09099,0.034339346,0.009290956,0.0281540565,90,0.09,0.00,rushed,smooth
3.38,2.42798764,90.03147,0.0249911584,-0.00203283364,0.0289780665,90,0.03,0.00,rushed,smooth
3.39,2.43546241,89.99725,0.01649698,-0.00181344245,0.009247672,90,-0.00,0.00,rushed,smooth
3.39,2.43701237,89.99725,0.01649698,-0.00181344245,0.009247672,90,-0.00,0.00,rushed,smooth
3.40,2.44053741,90.00109,0.0109950053,0.00110287266,-0.007598705,90,0.00,0.00,rushed,smooth
3.40,2.44623888,90.02323,0.109491877,-0.008054678,-0.01940948,90,0.02,0.00,rushed,smooth
3.42,2.45578139,90.0472641,0.00224511768,0.00241875742,-0.00754147675,90,0.05,0.00,rushed,smooth
3.42,2.45875771,90.03996,-0.00173456734,-0.004488486,0.009510902,90,0.04,0.00,rushed,smooth
3.43,2.46575778,90.000946,-0.8411013,0.105046764,0.0260024965,90,0.00,0.00,rushed,smooth
3.44,2.47134354,89.9719238,0.07178899,0.0555531457,0.0231184661,90,-0.03,0.00,rushed,smooth
3.45,2.47826449,89.9474,0.0525646731,-0.0036720552,0.005665528,90,-0.05,0.00,rushed,smooth
3.45,2.48391165,89.95472,0.0360121839,0.005258762,-0.00694636535,90,-0.05,0.00,rushed,smooth
3.47,2.49639966,89.28863,0.0171812959,0.01159549,0.328882426,90,-0.71,0.00,rushed,smooth
3.48,2.50323910,88.56829,0.0148101235,0.00251445221,0.452472061,90,-1.43,0.00,rushed,smooth
3.49,2.50862662,87.8036652,0.0984358639,-0.08638595,0.439883053,90,-2.20,0.00,rushed,smooth
3.50,2.51713672,86.78852,0.05714379,0.004600945,0.40281418,90,-3.21,0.00,rushed,smooth
3.51,2.52229418,86.15712,-0.255513877,0.0106225647,0.409566432,90,-3.84,0.00,rushed,smooth
3.52,2.53300403,85.01761,0.05194325,0.005089651,0.389160842,90,-4.98,0.00,rushed,smooth
3.54,2.54452521,83.87508,0.0311597865,-0.000529612531,0.376228541,90,-6.12,0.00,rushed,smooth
3.54,2.54621436,83.87508,0.0311597865,-0.000529612531,0.376228541,90,-6.12,0.00,rushed,smooth
3.55,2.55615281,82.9164047,0.4054488,0.0356933177,0.368972778,90,-7.08,0.00,rushed,smooth
3.56,2.56103402,82.4993439,-0.007523723,-0.0264035929,0.366660982,90,-7.50,0.00,rushed,smooth
3.57,2.56816807,81.79165,-0.0190319065,-0.0855574,0.3802458,90,-8.21,0.00,rushed,smooth
3.58,2.57231316,81.76613,-0.0187907666,-0.113230191,0.386654764,90,-8.23,0.00,rushed,smooth
3.59,2.57926248,80.96299,-0.10958834,0.039127212,0.211919323,90,-9.04,0.00,rushed,smooth
3.59,2.58308574,80.96299,-0.10958834,0.039127212,0.211919323,90,-9.04,0.00,rushed,smooth
3.60,2.58651630,80.4563141,0.000582603971,0.004200666,0.1933448,90,-9.54,0.00,rushed,smooth
3.60,2.59029354,80.22453,-0.0002727991,-0.000232028775,0.192372009,90,-9.78,0.00,rushed,smooth
3.61,2.59530758,80.22453,-0.0002727991,-0.000232028775,0.192372009,90,-9.78,0.00,rushed,smooth
3.62,2.59771227,79.78707,0.000233941988,-0.0006085481,0.190563783,90,-10.21,0.00,safe,smooth
3.63,2.60870990,79.10382,0.000445512065,0.00182546547,0.181305155,90,-10.90,0.00,safe,smooth
3.64,2.61429950,78.91204,0.000741517346,0.002014044,0.175983489,90,-11.09,0.00,safe,smooth
3.65,2.61734345,78.83608,0.4512507,0.06279247,0.179897517,90,-11.16,0.00,rushed,smooth
3.65,2.61965498,78.5047455,-0.03794655,0.0261302758,0.171256855,90,-11.50,0.00,safe,smooth
3.66,2.62348443,78.32979,-0.0309841074,0.003885142,0.171142414,90,-11.67,0.00,safe,smooth
3.67,2.63195278,77.8698654,-0.0201254636,0.00146335689,0.170799121,90,-12.13,0.00,safe,smooth
3.67,2.63428268,77.6634,-0.01636072,0.000129676075,0.172985,90,-12.34,0.00,safe,smooth
3.68,2.64142105,77.2876053,0.0577995032,0.0142498808,0.17741406,90,-12.71,0.00,safe,smooth
3.69,2.64684831,77.07349,0.0466862246,0.004037522,0.1770478,90,-12.93,0.00,safe,smooth
3.70,2.65207881,77.1713,0.0320403352,-0.0395248346,-0.221256882,90,-12.83,0.00,safe,smooth
3.71,2.65602096,77.5505447,0.0232743714,0.0118813263,-0.210087031,90,-12.45,0.00,safe,smooth
3.72,2.66685395,77.53232,-0.0208498128,0.01258012,0.104660958,90,-12.47,0.00,safe,smooth
3.73,2.67368175,77.53969,-0.0131819993,0.00179724046,-0.0327766277,90,-12.46,0.00,safe,smooth
3.74,2.67972953,77.4804153,-0.013336923,0.005985738,0.0701671,90,-12.52,0.00,safe,smooth
3.75,2.68445164,77.27091,-0.003976222,-0.00149813667,0.09655822,90,-12.73,0.00,safe,smooth
3.77,2.69602933,77.1846,0.0000557136846,-0.008074393,0.0208296422,90,-12.82,0.00,safe,smooth
3.77,2.69946804,77.39169,-0.0003492479,-0.00403250335,-0.102462478,90,-12.61,0.00,safe,smooth
3.78,2.70395642,77.49709,0.00032427418,-0.003310557,-0.09441695,90,-12.50,0.00,safe,smooth
3.78,2.70685464,77.57335,-0.000531781,0.002939899,-0.06260111,90,-12.43,0.00,safe,smooth
3.79,2.71026045,77.60071,-0.00000681389065,0.00238281558,-0.0275807884,90,-12.40,0.00,safe,smooth
3.80,2.71763450,77.50823,-0.00039761886,0.00278230757,0.06166381,90,-12.49,0.00,safe,smooth
3.81,2.72116290,77.4525757,-0.000723684556,-0.00362574076,0.0661386251,90,-12.55,0.00,safe,smooth
3.82,2.73003719,77.35466,0.000103710969,-0.00360024162,0.01410027,90,-12.65,0.00,safe,smooth
3.82,2.73192867,77.37862,-0.00000101348269,-0.0036415786,-0.0295835733,90,-12.62,0.00,safe,smooth
3.83,2.73929217,77.51055,-0.00004965016,-0.00271870382,-0.0572450534,90,-12.49,0.00,safe,smooth
3.84,2.74269586,77.5523148,0.000363284285,-0.000520813453,-0.0477117375,90,-12.45,0.00,safe,smooth
3.86,2.75359576,77.54872,-0.000161242919,0.000150381442,0.0330982357,90,-12.45,0.00,safe,smooth
3.87,2.76108409,77.4655151,0.000108057531,-0.0009953174,0.0264603887,90,-12.53,0.00,safe,smooth
3.88,2.77173904,77.4904861,0.0000309825846,-0.000941684935,-0.02798134,90,-12.51,0.00,safe,smooth
3.90,2.78268009,77.535,0.000175409048,-0.00147582986,-0.0358666442,90,-12.47,0.00,safe,smooth
3.90,2.78308962,77.59503,-0.000402138277,0.0009610413,-0.0156097962,90,-12.40,0.00,safe,smooth
3.90,2.78325128,77.59751,0.000188636128,0.00287993671,-0.0121649867,90,-12.40,0.00,safe,smooth
3.91,2.78510500,77.59751,0.000188636128,0.00287993671,-0.0121649867,90,-12.40,0.00,safe,smooth
3.92,2.79348836,77.58382,-0.0000464566838,0.000434262562,0.0169957262,90,-12.42,0.00,safe,smooth
3.92,2.79353146,77.58382,-0.0000464566838,0.000434262562,0.0169957262,90,-12.42,0.00,safe,smooth
3.94,2.80436057,77.50457,-0.0004785754,0.00233661151,0.0202230923,90,-12.50,0.00,safe,smooth
3.95,2.81509317,77.50725,-0.000141824974,-0.0508547164,-0.0057674814,90,-12.49,0.00,safe,smooth
3.96,2.82257819,77.54276,0.0004836087,-0.0130149126,-0.03774355,90,-12.46,0.00,safe,smooth
3.97,2.82595875,77.76363,0.000764806638,0.07684577,-0.168325871,90,-12.24,0.00,safe,smooth
3.99,2.83679876,77.81475,-0.00007553816,0.008138237,0.07269636,90,-12.19,0.00,safe,smooth
4.01,2.85271235,77.31232,-0.0000340415354,-0.008518665,-0.006728855,90,-12.69,0.00,safe,smooth
4.01,2.85275530,77.31232,-0.0000340415354,-0.008518665,-0.006728855,90,-12.69,0.00,safe,smooth
4.03,2.86367048,77.65736,-0.000669133,-0.003564751,-0.08397956,90,-12.34,0.00,safe,smooth
4.04,2.86933813,77.72785,0.0002468864,0.005476113,-0.0233349018,90,-12.27,0.00,safe,smooth
4.05,2.87948994,77.6759338,0.000471122446,0.0031029745,0.0525195748,90,-12.32,0.00,safe,smooth
4.05,2.88027587,77.5140152,0.0001339339,0.00236812653,0.07363476,90,-12.49,0.00,safe,smooth
4.06,2.88541671,77.4351654,0.0002631202,-0.00294449739,0.0372639857,90,-12.56,0.00,safe,smooth
4.07,2.89109574,77.44136,0.000196179724,-0.002240383,-0.0239529125,90,-12.56,0.00,safe,smooth
4.09,2.90528511,77.6318054,0.000246683485,0.004024823,-0.0237583611,90,-12.37,0.00,safe,smooth
4.09,2.90716133,77.63688,0.000163673365,0.00371681247,-0.0102652358,90,-12.36,0.00,safe,smooth
4.10,2.91401769,77.61912,-0.00602172129,-0.0706568062,0.0237937458,90,-12.38,0.00,safe,smooth
4.11,2.91601045,77.55614,-0.027245013,0.00366832269,0.04587028,90,-12.44,0.00,safe,smooth
4.12,2.92122245,77.53388,-0.0242915154,0.004487894,0.0462365039,90,-12.47,0.00,safe,smooth
4.13,2.92731708,77.66613,-0.0146822231,-0.0312741958,-0.199752674,90,-12.33,0.00,safe,smooth
4.13,2.92862448,77.79537,-0.0140551087,-0.0155606344,-0.262217015,90,-12.20,0.00,safe,smooth
4.14,2.93989282,79.15321,0.200416833,0.0451115146,-0.504360735,90,-10.85,0.00,rushed,smooth
4.16,2.95294060,80.5694962,-0.112224065,0.0149888145,-0.6244254,90,-9.43,0.00,rushed,smooth
4.16,2.95326886,81.4976959,-0.08831685,-0.00374964159,-0.651091337,90,-8.50,0.00,rushed,smooth
4.17,2.95434417,81.4976959,-0.08831685,-0.00374964159,-0.651091337,90,-8.50,0.00,rushed,smooth
4.18,2.96068510,83.0085,-0.0876830146,0.0192654487,-0.667319655,90,-6.99,0.00,rushed,smooth
4.18,2.96651542,84.1248,-0.06749519,0.00223068846,-0.663382769,90,-5.88,0.00,rushed,smooth
4.19,2.97244597,85.2296,-0.05155114,0.0004448862,-0.6549709,90,-4.77,0.00,rushed,smooth
4.20,2.97665824,86.16002,-0.04052673,-0.00170391786,-0.6441671,90,-3.84,0.00,rushed,smooth
4.21,2.98464206,87.6273041,-0.09636953,0.03900424,-0.621163666,90,-2.37,0.00,rushed,smooth
4.21,2.98889833,88.31437,-0.08158712,0.004602627,-0.5964892,90,-1.69,0.00,rushed,smooth
4.23,3.00143074,89.51722,0.4142894,-0.0189594012,-0.293037,90,-0.48,0.00,rushed,smooth
4.25,3.01415272,89.53886,-0.1423391,0.01384652,0.11074961,90,-0.46,0.00,rushed,smooth
4.26,3.01933477,89.47431,-0.131936774,-0.0935959741,0.129209667,90,-0.53,0.00,rushed,smooth
4.26,3.02509206,89.53015,-0.0226391964,0.0289801247,-0.119262949,90,-0.47,0.00,rushed,smooth
4.26,3.02654882,89.64714,-0.02329603,0.005898298,-0.179770291,90,-0.35,0.00,rushed,smooth
4.28,3.03776662,90.24374,0.79611814,0.106998213,-0.161871031,90,0.24,0.00,rushed,smooth
4.28,3.03922171,90.3160248,-0.08408479,-0.1531538,-0.120487519,90,0.32,0.00,rushed,smooth
4.30,3.05169322,90.06504,0.040192727,0.0087085925,0.153620869,90,0.07,0.00,rushed,smooth
4.32,3.06434451,89.74313,0.0241357628,-0.0114236409,0.0241372734,90,-0.26,0.00,rushed,smooth
4.33,3.07424118,89.74313,0.0241357628,-0.0114236409,0.0241372734,90,-0.26,0.00,rushed,smooth
4.33,3.07487832,89.9820251,0.0125815012,0.00426404551,-0.116367459,90,-0.02,0.00,rushed,smooth
4.33,3.07712994,90.06494,0.009583534,0.004202877,-0.10531202,90,0.06,0.00,rushed,smooth
4.34,3.08621149,90.06494,0.009583534,0.004202877,-0.10531202,90,0.06,0.00,rushed,smooth
4.35,3.08847815,90.16544,0.003879006,0.007583282,-0.01366406,90,0.17,0.00,rushed,smooth
4.36,3.10099193,89.91937,-0.00213861442,0.000360283535,0.107030161,90,-0.08,0.00,rushed,smooth
4.37,3.10373857,89.89004,-0.00284230057,0.00276971865,0.101491,90,-0.11,0.00,rushed,smooth
4.37,3.10810511,89.82598,0.00434979051,0.00104303448,0.08670464,90,-0.17,0.00,rushed,smooth
4.38,3.11355244,89.7500458,0.00444479939,0.00124038057,-0.00392475259,90,-0.25,0.00,rushed,smooth
4.38,3.11453731,89.76014,-0.00303528341,-0.002160763,-0.0225450341,90,-0.24,0.00,rushed,smooth
4.40,3.12809299,89.95478,-0.00234533381,0.0017325168,-0.0397919752,90,-0.05,0.00,rushed,smooth
4.40,3.12814297,89.95478,-0.00234533381,0.0017325168,-0.0397919752,90,-0.05,0.00,rushed,smooth
4.42,3.13991318,89.868,-0.03103045,0.0143688228,0.06605865,90,-0.13,0.00,rushed,smooth
4.42,3.13996311,89.868,-0.03103045,0.0143688228,0.06605865,90,-0.13,0.00,rushed,smooth
4.43,3.15295977,89.71808,0.377711058,0.08763896,-0.0210572444,90,-0.28,0.00,rushed,smooth
4.43,3.15334605,89.71808,0.377711058,0.08763896,-0.0210572444,90,-0.28,0.00,rushed,smooth
4.45,3.16517321,90.20713,-0.0029822113,0.0459225178,-0.16218,90,0.21,0.00,rushed,smooth
4.47,3.18047459,90.3032,-0.0351880044,0.056893263,0.06128628,90,0.30,0.00,rushed,smooth
4.49,3.19217543,89.90959,-0.00393515173,0.01515141,0.0624650419,90,-0.09,0.00,rushed,smooth
4.49,3.19257499,89.9016342,0.00165200606,0.003974585,0.0440049767,90,-0.10,0.00,rushed,smooth
4.50,3.20415364,90.02836,-0.00241522375,0.020570159,-0.08847713,90,0.03,0.00,rushed,smooth
4.50,3.20526649,90.02836,-0.00241522375,0.020570159,-0.08847713,90,0.03,0.00,rushed,smooth
4.52,3.21722281,90.23636,0.1851119,0.0217297915,-0.00544690061,90,0.24,0.00,rushed,smooth
4.53,3.22180982,90.23636,0.1851119,0.0217297915,-0.00544690061,90,0.24,0.00,rushed,smooth
4.54,3.22957424,90.02222,0.0616290458,0.003099895,0.07379516,90,0.02,0.00,rushed,smooth
4.54,3.23658313,89.95363,0.0469709821,-0.00173492078,0.005551297,90,-0.05,0.00,rushed,smooth
4.55,3.24215711,89.9836349,0.0353100039,-0.0150961867,-0.0307508148,90,-0.02,0.00,rushed,smooth
4.56,3.24834606,90.0211258,0.0290655531,0.00604177732,-0.0489819758,90,0.02,0.00,rushed,smooth
4.57,3.25473121,90.14316,0.0185095277,-0.00253446167,-0.0322614871,90,0.14,0.00,rushed,smooth
4.58,3.26482223,90.14316,0.0185095277,-0.00253446167,-0.0322614871,90,0.14,0.00,rushed,smooth
4.59,3.26752542,90.10621,0.0471141562,0.0378207937,0.03678348,90,0.11,0.00,rushed,smooth
4.60,3.27619447,90.0680542,0.03820002,0.00375061529,0.0439248756,90,0.07,0.00,rushed,smooth
4.61,3.28543157,89.99614,0.0296164453,-0.00763277849,0.0248811468,90,-0.00,0.00,rushed,smooth
4.62,3.29255788,90.016716,0.0537380725,0.03630872,-0.0165023468,90,0.02,0.00,rushed,smooth
4.62,3.29663364,90.016716,0.0537380725,0.03630872,-0.0165023468,90,0.02,0.00,rushed,smooth
4.64,3.30738817,90.0379,0.0230428074,0.0144656748,0.0170759652,90,0.04,0.00,rushed,smooth
4.64,3.30748821,90.0379,0.0230428074,0.0144656748,0.0170759652,90,0.04,0.00,rushed,smooth
4.64,3.30922644,90.0379,0.0230428074,0.0144656748,0.0170759652,90,0.04,0.00,rushed,smooth
4.65,3.31779801,89.96395,0.0834096,-0.1255187,0.0194106624,90,-0.04,0.00,rushed,smooth
4.67,3.33035001,89.9247742,0.02917271,-0.00630920846,-0.00244843238,90,-0.08,0.00,rushed,smooth
4.68,3.33871849,89.92993,0.0295386631,0.008290908,-0.008594154,90,-0.07,0.00,rushed,smooth
4.69,3.34299169,89.96223,0.0213167258,0.00263221422,-0.00573301828,90,-0.04,0.00,rushed,smooth
4.69,3.34514080,89.96278,0.0134007148,-0.00209721318,-0.00092630717,90,-0.04,0.00,rushed,smooth
4.70,3.35576141,89.96278,0.0134007148,-0.00209721318,-0.00092630717,90,-0.04,0.00,rushed,smooth
4.70,3.35581136,89.90484,0.00632482,-0.06286306,0.0393356234,90,-0.10,0.00,rushed,smooth
4.71,3.35750952,89.9029846,-0.00302471314,-0.0319706835,0.02165379,90,-0.10,0.00,rushed,smooth
4.72,3.36831151,89.91253,-0.0005699309,-0.00665263645,-0.0147856586,90,-0.09,0.00,rushed,smooth
4.73,3.37449740,89.97657,-0.000022300108,-0.000168678162,-0.0393685475,90,-0.02,0.00,rushed,smooth
4.74,3.38110031,90.0396957,-0.000006537801,0.0009939438,-0.031036919,90,0.04,0.00,rushed,smooth
4.74,3.38258859,90.0469055,-0.0000611928,0.00189523,-0.02651632,90,0.05,0.00,rushed,smooth
4.76,3.39528379,90.05463,0.0001757275,0.00196424965,0.00876722,90,0.05,0.00,rushed,smooth
4.77,3.40792672,89.94969,-0.0760513,-0.01091485,0.0134137,90,-0.05,0.00,rushed,smooth
4.77,3.40842644,89.94969,-0.0760513,-0.01091485,0.0134137,90,-0.05,0.00,rushed,smooth
4.79,3.42047446,89.9852142,-0.107632183,-0.173288122,-0.036358647,90,-0.01,0.00,rushed,smooth
4.79,3.42114935,89.9852142,-0.107632183,-0.173288122,-0.036358647,90,-0.01,0.00,rushed,smooth
4.81,3.43305446,90.03866,-0.15650411,0.0419745669,0.005356733,90,0.04,0.00,rushed,smooth
4.81,3.43593049,90.03221,-0.136438251,0.0281956382,0.010747117,90,0.03,0.00,rushed,smooth
4.82,3.44557165,90.0342,-0.131506011,0.164404646,-0.0480320826,90,0.03,0.00,rushed,smooth
4.83,3.44800943,90.01033,-0.123844773,0.0137223806,0.0205894429,90,0.01,0.00,rushed,smooth
4.84,3.45804098,89.5007858,-0.0676490739,-0.0226862617,0.157958373,90,-0.50,0.00,rushed,smooth
4.84,3.45912245,89.5007858,-0.0676490739,-0.0226862617,0.157958373,90,-0.50,0.00,rushed,smooth
4.86,3.47276964,89.32711,-0.0403058678,-0.0194166861,0.00480741542,90,-0.67,0.00,rushed,smooth
4.86,3.47337758,89.32983,-0.0331671722,-0.008122098,-0.00502345245,90,-0.67,0.00,rushed,smooth
4.87,3.48286927,89.3335,0.0242772922,0.0297711268,0.004910416,90,-0.67,0.00,rushed,smooth
4.87,3.48314223,89.3335,0.0242772922,0.0297711268,0.004910416,90,-0.67,0.00,rushed,smooth
4.88,3.48502816,89.3335,0.0242772922,0.0297711268,0.004910416,90,-0.67,0.00,rushed,smooth
4.89,3.49430479,88.5832443,0.0708857849,0.015297859,0.834972,90,-1.42,0.00,rushed,smooth
4.89,3.49575627,87.82053,-0.8641713,0.113988884,1.38072848,90,-2.18,0.00,rushed,smooth
4.91,3.50729685,73.14449,0.0658657551,-0.006082625,6.12057972,90,-16.86,0.00,rushed,smooth
4.92,3.51421204,57.2584953,0.101112068,0.02871323,2.820315,90,-32.74,0.00,safe,smooth
4.93,3.51469868,56.5124741,0.0888260752,0.0120571712,2.59284854,90,-33.49,0.00,safe,smooth
4.94,3.52136286,51.0991325,0.0459168628,0.00427701557,1.39937055,90,-38.90,0.00,safe,smooth
4.96,3.52728652,40.85941,0.0327456146,-0.007915465,4.79249525,90,-49.14,0.00,safe,smooth
4.98,3.53025490,20.2770748,0.188300148,0.00710657146,4.69420147,90,-69.72,0.00,safe,smooth
4.98,3.53081815,20.2770748,0.188300148,0.00710657146,4.69420147,90,-69.72,0.00,safe,smooth
4.99,3.53265685,17.126276,0.0497018546,-0.00436674757,-1.89237678,90,-72.87,0.00,safe,smooth
4.99,3.53268539,17.126276,0.0497018546,-0.00436674757,-1.89237678,90,-72.87,0.00,safe,smooth
5.01,3.53587509,22.8971176,-0.06274302,0.0331635177,-0.7860145,90,-67.10,0.00,safe,smooth
5.03,3.54015835,25.55052,0.422032058,-0.03265088,-1.250048,90,-64.45,0.00,safe,smooth
5.04,3.54267959,25.9699059,0.431219757,0.005597152,-1.35031366,90,-64.03,0.00,safe,smooth
5.04,3.54322455,31.3896141,0.4439676,-0.006671925,-1.90343428,90,-58.61,0.00,safe,smooth
5.06,3.54727471,36.8661346,0.379612744,-0.00122057472,-2.00157118,80,-43.13,0.00,safe,smooth
5.06,3.54831254,38.517395,0.3319984,-0.0517762676,-1.95800185,80,-41.48,0.00,safe,smooth
5.07,3.55106225,38.517395,0.3319984,-0.0517762676,-1.95800185,80,-41.48,0.00,safe,smooth
5.08,3.55396224,42.4388847,-0.456669122,0.0359206162,-0.398779452,80,-37.56,0.00,safe,smooth
5.08,3.55420391,42.4388847,-0.456669122,0.0359206162,-0.398779452,80,-37.56,0.00,safe,smooth
5.09,3.56014037,44.1555,-0.8272181,-0.0511532873,-0.8344048,80,-35.84,0.00,safe,smooth
5.11,3.56679820,48.1344032,0.08651561,-0.0165387858,-1.20636976,80,-31.87,0.00,safe,smooth
5.13,3.57417132,52.4136543,0.0680713,-0.000654234551,-1.26156068,80,-27.59,0.00,safe,smooth
5.14,3.58226119,56.8818855,0.04626549,-0.00268783327,-1.25873971,80,-23.12,0.00,safe,smooth
5.15,3.58604542,56.8818855,0.04626549,-0.00268783327,-1.25873971,80,-23.12,0.00,safe,smooth
5.16,3.59039324,61.86623,0.0286563765,-0.001778003,-1.21798646,80,-18.13,0.00,safe,smooth
5.17,3.59555781,63.4555664,0.024769228,0.000342960935,-1.19837046,80,-16.54,0.00,safe,smooth
5.18,3.59947079,66.13484,-0.000221715687,0.0174977258,-1.15461814,80,-13.87,0.00,safe,smooth
5.19,3.60637821,66.13484,-0.000221715687,0.0174977258,-1.15461814,80,-13.87,0.00,safe,smooth
5.19,3.60937698,67.89669,-0.000119467586,0.01523413,-0.187130228,80,-12.10,0.00,safe,smooth
5.21,3.61588375,67.89669,-0.000119467586,0.01523413,-0.187130228,80,-12.10,0.00,safe,smooth
5.21,3.61856153,69.85535,-0.0002001635,-0.02081581,-0.739226639,80,-10.14,0.00,rushed,smooth
5.22,3.62411243,69.994545,0.0000533564962,-0.0116994325,-0.755489349,80,-10.01,0.00,rushed,smooth
5.23,3.62809585,72.7934341,-0.000309819268,-0.0109544974,-0.9145343,80,-7.21,0.00,rushed,smooth
5.23,3.62819695,72.7934341,-0.000309819268,-0.0109544974,-0.9145343,80,-7.21,0.00,rushed,smooth
5.24,3.63909113,75.63944,-0.7165929,-0.0439712629,-0.959030569,80,-4.36,0.00,rushed,smooth
5.26,3.64989298,79.4532547,0.06829276,0.0355586633,-0.984883964,80,-0.55,0.00,rushed,smooth
5.26,3.64998126,79.4532547,0.06829276,0.0355586633,-0.984883964,80,-0.55,0.00,rushed,smooth
5.28,3.66127132,82.86281,-0.09348875,0.0495621748,-1.09113514,80,2.86,0.04,rushed,smooth
5.28,3.66139792,82.86281,-0.09348875,0.0495621748,-1.09113514,80,2.86,0.04,rushed,smooth
5.30,3.67768167,86.52621,-0.2351144,0.0705767646,-0.52406925,80,6.53,0.08,rushed,harsh
5.31,3.68866945,87.9022751,0.370794833,-0.0808689147,-0.5504031,80,7.90,0.10,aggressive,harsh
5.32,3.69304696,88.03936,0.313052446,-0.07706839,-0.559066653,80,8.04,0.10,aggressive,harsh
5.34,3.71011269,89.95112,0.187328443,0.0320574157,-0.302846164,80,9.95,0.12,aggressive,harsh
5.34,3.71042523,90.01247,0.23894918,0.04563895,0.124687865,80,10.01,0.13,aggressive,harsh
5.35,3.71364086,89.738266,0.571082,-0.105685011,0.2395911,80,9.74,0.12,aggressive,harsh
5.36,3.72283986,89.50382,0.104269713,0.00228425628,-0.0124979354,50,39.50,0.79,aggressive,harsh
5.37,3.73203655,89.60236,0.08512245,-0.00326757785,-0.09310191,50,39.60,0.79,aggressive,harsh
5.38,3.73576605,88.33037,0.0565756634,0.0174852349,0.5537554,50,38.33,0.77,aggressive,harsh
5.38,3.73587646,88.33037,0.0565756634,0.0174852349,0.5537554,50,38.33,0.77,aggressive,harsh
5.38,3.73871154,87.98505,0.0471611358,0.00255754357,0.34197396,50,37.99,0.76,aggressive,harsh
5.39,3.74819753,88.35592,0.758206964,-0.199824557,-0.386402875,50,38.36,0.77,aggressive,harsh
5.40,3.75200241,88.94538,0.6134503,0.045179598,-0.5528182,50,38.95,0.78,aggressive,harsh
5.42,3.76482024,90.39018,0.695737362,0.113211684,-0.149203151,50,40.39,0.81,aggressive,harsh
5.42,3.77083593,90.42366,0.216755986,0.062215168,0.029389061,50,40.42,0.81,aggressive,harsh
5.43,3.77315871,90.40013,0.0129399858,0.0449018963,0.0623150319,50,40.40,0.81,aggressive,harsh
5.43,3.77780329,90.13734,-0.162535712,0.0148548381,0.1979558,50,40.14,0.80,aggressive,harsh
5.44,3.78573369,89.63724,-0.340334624,0.001597394,0.211139992,50,39.64,0.79,aggressive,harsh
5.45,3.79242297,89.52197,0.605679631,0.0551658049,0.0267339442,50,39.52,0.79,aggressive,harsh
5.46,3.79826189,89.82957,0.07868956,-0.03195343,-0.192909822,50,39.83,0.80,aggressive,harsh
5.47,3.80569016,90.1914444,-0.781164765,0.0728287846,-0.2132239,50,40.19,0.80,aggressive,harsh
5.48,3.81077168,90.42395,-0.8674195,0.020515468,-0.04890306,50,40.42,0.81,aggressive,harsh
5.48,3.80926461,90.3019562,-1.10203028,-0.1390139,-0.164836347,50,40.30,0.81,aggressive,harsh
5.49,3.82327925,89.96455,0.145142,-0.0712458938,0.2107051,50,39.96,0.80,aggressive,harsh
5.50,3.83029179,89.68076,0.118021384,-0.0120671857,0.113735422,50,39.68,0.79,aggressive,harsh
5.51,3.83552317,89.68076,0.118021384,-0.0120671857,0.113735422,50,39.68,0.79,aggressive,harsh
5.52,3.84328325,89.972,0.06375434,-0.005891921,-0.170673057,50,39.97,0.80,aggressive,harsh
5.53,3.85197874,90.21254,-0.002062874,0.03807096,-0.125455633,50,40.21,0.80,aggressive,harsh
5.54,3.85872163,90.23946,0.00018770888,0.009567398,0.06684713,50,40.24,0.80,aggressive,harsh
5.55,3.86093743,90.13423,0.000152761408,0.00615481474,0.117832594,50,40.13,0.80,aggressive,harsh
5.55,3.86464295,90.13423,0.000152761408,0.00615481474,0.117832594,50,40.13,0.80,aggressive,harsh
5.56,3.87096637,89.80011,-0.000116612107,-0.008522172,0.07742188,50,39.80,0.80,aggressive,harsh
5.56,3.87343519,89.77527,-0.000347603724,-0.009188813,0.0414058827,50,39.78,0.80,aggressive,harsh
5.58,3.88939642,89.99284,0.0000662281745,-0.00183140021,-0.108059928,50,39.99,0.80,aggressive,harsh
5.58,3.88987197,90.10438,0.0000293794237,0.00217063539,-0.09167134,50,40.10,0.80,aggressive,harsh
5.60,3.90196069,88.54398,-0.000175879031,0.0123448111,0.6489056,50,38.54,0.77,aggressive,harsh
5.61,3.91245591,87.76494,0.0256868172,-0.0190970115,0.0691245645,50,37.76,0.76,aggressive,harsh
5.62,3.91447987,87.7860947,0.04006622,0.0284164362,-0.0288293418,50,37.79,0.76,aggressive,harsh
5.62,3.91505292,87.7860947,0.04006622,0.0284164362,-0.0288293418,50,37.79,0.76,aggressive,harsh
5.63,3.92664304,88.9646759,0.000377668854,0.004436851,-0.476437122,50,38.96,0.78,aggressive,harsh
5.65,3.93912704,90.06493,-0.00018396524,0.01795678,-0.231283456,50,40.06,0.80,aggressive,harsh
5.65,3.94183040,90.1120453,-0.00022652687,0.01875083,-0.182243541,50,40.11,0.80,aggressive,harsh
5.67,3.95532833,89.90296,0.5896787,0.07970231,0.174952313,80,9.90,0.12,aggressive,harsh
5.67,3.95619966,89.62248,0.4848553,0.09592473,0.13681908,80,9.62,0.12,aggressive,harsh
5.69,3.96677323,89.66987,-0.16174908,-0.10345868,-0.141466588,80,9.67,0.12,aggressive,harsh
5.70,3.97696149,90.4515839,0.389676332,0.01952881,-0.160865143,80,10.45,0.13,aggressive,harsh
5.70,3.97780319,90.4515839,0.389676332,0.01952881,-0.160865143,80,10.45,0.13,aggressive,harsh
5.72,3.98969785,90.4345856,-0.175024584,0.0413711779,0.07662071,80,10.43,0.13,aggressive,harsh
5.73,3.99690750,90.4345856,-0.175024584,0.0413711779,0.07662071,80,10.43,0.13,aggressive,harsh
5.73,4.00229750,90.04191,-0.09087773,0.007020431,0.07850907,80,10.04,0.13,aggressive,harsh
5.75,4.01049812,90.00673,-0.08401824,-0.0106867794,0.05864134,80,10.01,0.13,aggressive,harsh
5.75,4.01488544,89.99634,0.612450659,-0.0215527583,-0.0306490343,80,10.00,0.12,aggressive,harsh
5.76,4.02029847,90.0088654,0.4907368,0.0308729932,-0.0140429987,80,10.01,0.13,aggressive,harsh
5.77,4.02800232,89.899086,-1.23930955,-0.0570315048,0.06247527,80,9.90,0.12,aggressive,harsh
5.77,4.03131111,89.899086,-1.23930955,-0.0570315048,0.06247527,80,9.90,0.12,aggressive,harsh
5.79,4.04052134,89.9778442,-0.28089422,-0.00126043521,-0.0495783277,80,9.98,0.12,aggressive,harsh
5.79,4.04180853,89.9778442,-0.28089422,-0.00126043521,-0.0495783277,80,9.98,0.12,aggressive,harsh
5.80,4.05226023,90.01471,0.12941511,-0.00411518337,0.03123165,80,10.01,0.13,aggressive,harsh
5.80,4.05450996,89.988884,0.6390206,-0.07625911,0.0308425315,80,9.99,0.12,aggressive,harsh
5.82,4.06446371,89.92101,-0.0004013517,0.00202526385,0.0208056774,80,9.92,0.12,aggressive,harsh
5.82,4.06712354,89.90985,0.000187509548,-0.00707235374,0.00183061394,80,9.91,0.12,aggressive,harsh
5.83,4.07700755,89.96817,0.0000572368263,-0.00171119836,-0.0276963264,80,9.97,0.12,aggressive,harsh
5.84,4.07800719,89.96817,0.0000572368263,-0.00171119836,-0.0276963264,80,9.97,0.12,aggressive,harsh
5.84,4.07986946,89.98873,0.00006122993,-0.00133044925,-0.0260025281,80,9.99,0.12,aggressive,harsh
5.85,4.08965909,90.0195847,-0.00002315663,-0.0002783721,0.00252872566,80,10.02,0.13,aggressive,harsh
5.85,4.09233454,90.0151138,-0.0000759274553,0.000132525238,0.007964887,80,10.02,0.13,aggressive,harsh
5.87,4.10223177,89.9747849,-0.0002005487,-0.00175414339,0.0139274988,80,9.97,0.12,aggressive,harsh
5.88,4.11472849,89.9763947,-0.000128890591,-0.00148727547,-0.0111818444,80,9.98,0.12,aggressive,harsh
5.89,4.11752808,89.9870148,-0.00003350211,-0.0020476284,-0.0149013232,80,9.99,0.12,aggressive,harsh
5.91,4.13053301,90.0341,0.00005861066,-0.0007649505,-0.0129900854,80,10.03,0.13,aggressive,harsh
5.92,4.14023694,90.03632,-0.000213625026,0.000548166048,0.00604220154,80,10.04,0.13,aggressive,harsh
5.92,4.14427570,90.02808,-0.00018655583,-0.000758730748,0.00739265932,80,10.03,0.13,aggressive,harsh
5.93,4.15256529,90.02267,0.000009230804,0.00214331085,-0.00264421245,80,10.02,0.13,aggressive,harsh
5.94,4.15705385,90.02124,-0.000212958636,0.00127012748,0.002196832,80,10.02,0.13,aggressive,harsh
5.95,4.16504375,90.02706,-0.000338646962,-0.00140456064,0.000548817,80,10.03,0.13,aggressive,harsh
5.96,4.17053281,90.02557,0.000216645261,0.00171745429,0.00208238629,80,10.03,0.13,aggressive,harsh
5.97,4.17768406,90.01573,0.00004370761,0.00204107515,0.004977856,80,10.02,0.13,aggressive,harsh
5.98,4.18482248,90.0115662,-0.00009449016,0.000170181927,0.00342139648,80,10.01,0.13,aggressive,harsh
5.98,4.19024785,90.00615,0.000492354447,0.0002828225,-0.000687196,80,10.01,0.13,aggressive,harsh
5.99,4.19402309,90.0056839,0.0001805469,-0.00045679856,0.00004525529,80,10.01,0.13,aggressive,harsh
6.00,4.20301131,90.0072556,0.000195588174,0.000172662913,-0.00113353331,80,10.01,0.13,aggressive,harsh
6.01,4.20828681,90.0085449,0.000111811329,0.000528008444,-0.00131664623,80,10.01,0.13,aggressive,harsh
6.02,4.21697511,90.008316,-0.0000518412853,0.001302544,0.00122404378,80,10.01,0.13,aggressive,harsh
6.02,4.21927531,90.0077057,0.0006000602,0.000894943951,0.001372823,80,10.01,0.13,aggressive,harsh
6.04,4.22952512,89.99833,0.0002128809,-0.000835082843,0.002803392,80,10.00,0.12,aggressive,harsh
6.04,4.23191252,89.99608,0.000113523725,-0.0020809744,0.002963616,80,10.00,0.12,aggressive,harsh
6.06,4.24348682,89.994606,0.0004718797,0.000777005567,-0.000355302822,80,9.99,0.12,aggressive,harsh
6.06,4.24446176,89.99393,-0.00005072639,-0.000363951229,0.00112104416,80,9.99,0.12,aggressive,harsh
6.07,4.25476105,89.99385,-0.0003094924,0.000350120361,0.0004687049,80,9.99,0.12,aggressive,harsh
6.07,4.25759835,89.99356,0.000467540929,0.001003158,0.000720485,80,9.99,0.12,aggressive,harsh
6.10,4.27328305,89.98392,-0.0001667092,-0.00007454085,0.000354259129,80,9.98,0.12,aggressive,harsh
6.10,4.27343302,89.98392,-0.0001667092,-0.00007454085,0.000354259129,80,9.98,0.12,aggressive,harsh
6.11,4.28280600,89.9805756,0.0003980329,0.00187059084,0.00124693441,80,9.98,0.12,aggressive,harsh
6.11,4.28598032,89.9809341,0.00021615591,0.000572802266,-0.000343857915,80,9.98,0.12,aggressive,harsh
6.12,4.29476587,89.9799347,0.0006326408,-0.001591732,0.000846375537,80,9.98,0.12,aggressive,harsh
6.13,4.29856496,89.9785843,-0.000182010961,0.000171701031,0.0018992743,80,9.98,0.12,aggressive,harsh
6.14,4.30706264,89.9754257,0.000156847658,-0.000414938346,0.00331839849,80,9.98,0.12,aggressive,harsh
6.15,4.31124883,89.9718857,0.000562594563,-0.00103175384,0.0034328436,80,9.97,0.12,aggressive,harsh
6.16,4.31974576,89.96746,0.000218548652,-0.00142822834,0.0005831512,80,9.97,0.12,aggressive,harsh
6.16,4.32375681,89.96741,-0.000219198555,0.00005276245,0.00007959102,80,9.97,0.12,aggressive,harsh
6.17,4.33230491,89.97999,0.00217904663,0.00195208774,-0.0148326578,80,9.98,0.12,aggressive,harsh
6.18,4.33645437,89.98844,-0.256630182,-0.1618888,-0.0178425759,80,9.99,0.12,aggressive,harsh
6.19,4.34704684,90.04226,0.165552273,0.0124825817,-0.0144321,80,10.04,0.13,aggressive,harsh
6.20,4.35134935,90.05253,0.133127689,0.00388683728,-0.00589446444,80,10.05,0.13,aggressive,harsh
6.21,4.35839113,90.0546646,0.14853242,-0.069320254,0.008949115,80,10.05,0.13,aggressive,harsh
6.22,4.36399345,90.03729,0.132890582,0.008057336,0.0118102506,80,10.04,0.13,aggressive,harsh
6.23,4.37110697,90.01291,0.09312863,0.0003238999,0.008102218,80,10.01,0.13,aggressive,harsh
6.23,4.37646991,90.00749,0.07418306,-0.00190352381,0.00297505828,80,10.01,0.13,aggressive,harsh
6.25,4.38904915,90.03029,0.0415546037,0.00022959325,-0.007313592,80,10.03,0.13,aggressive,harsh
6.26,4.39747727,90.03334,0.0297669582,0.00164732058,0.00187638158,80,10.03,0.13,aggressive,harsh
6.27,4.40172846,90.0251541,0.0226102713,0.00291330717,0.00783899147,80,10.03,0.13,aggressive,harsh
6.28,4.40931610,90.0017548,0.0168450344,-0.0006534973,0.0111808013,80,10.00,0.13,aggressive,harsh
6.28,4.41249117,90.0017548,0.0168450344,-0.0006534973,0.0111808013,80,10.00,0.13,aggressive,harsh
6.28,4.41446592,89.98874,0.0122717321,0.0005806812,0.007232429,80,9.99,0.12,aggressive,harsh
6.30,4.42543976,89.99048,-0.0896882,-0.111575484,-0.007565375,80,9.99,0.12,aggressive,harsh
6.31,4.43060194,89.9944839,-0.02901739,0.005224212,-0.0057228026,80,9.99,0.12,aggressive,harsh
6.31,4.43465171,89.99476,-0.0238913968,0.0009214807,-0.0004010865,80,9.99,0.12,aggressive,harsh
6.32,4.43961350,89.98721,0.779760838,0.03151717,0.009727339,80,9.99,0.12,aggressive,harsh
6.33,4.45062241,89.7668457,0.0335608646,0.0270652026,0.184233829,80,9.77,0.12,aggressive,harsh
6.35,4.46181251,89.3223343,-1.1428622,-0.1073333,0.0353402421,80,9.32,0.12,aggressive,harsh
6.35,4.46561721,89.52244,-0.13079904,0.02377131,-0.226842925,80,9.52,0.12,aggressive,harsh
6.35,4.46616429,89.52244,-0.13079904,0.02377131,-0.226842925,80,9.52,0.12,aggressive,harsh
6.36,4.47498511,90.21288,0.3071998,0.0068857763,-0.254206866,80,10.21,0.13,aggressive,harsh
6.37,4.47938008,90.4107361,-0.1997278,0.0274113212,-0.0896571353,80,10.41,0.13,aggressive,harsh
6.38,4.48753731,90.2182541,-0.07014348,0.0434363,0.157419264,80,10.22,0.13,aggressive,harsh
6.39,4.49206272,90.00813,-0.05062835,0.010228429,0.186568558,80,10.01,0.13,aggressive,harsh
6.40,4.50016146,89.70908,-0.0005163029,0.0235635079,0.06583997,80,9.71,0.12,aggressive,harsh
6.40,4.50498391,89.72018,-0.0005163574,-0.007173904,-0.03237716,80,9.72,0.12,aggressive,harsh
6.42,4.51337121,89.99784,0.036383085,-0.00008886072,-0.141489491,80,10.00,0.12,aggressive,harsh
6.42,4.52008713,90.2137451,0.0247738957,0.00590611063,-0.06834739,80,10.21,0.13,aggressive,harsh
6.43,4.52605145,90.21664,-0.2729609,-0.0537789576,0.0302931853,80,10.22,0.13,aggressive,harsh
6.44,4.53098260,90.11236,-0.264713168,0.0348198563,0.101890273,80,10.11,0.13,aggressive,harsh
6.45,4.53872139,89.86991,-0.322549641,0.0664268062,0.0875159055,80,9.87,0.12,aggressive,harsh
6.46,4.54599371,89.8125,-0.840132356,0.111746214,0.0140075563,80,9.81,0.12,aggressive,harsh
6.47,4.55118781,89.897934,-0.1497654,0.0153902285,-0.07068211,80,9.90,0.12,aggressive,harsh
6.48,4.56394356,90.12892,-0.6033153,0.11295896,-0.01783118,80,10.13,0.13,aggressive,harsh
6.49,4.56998651,90.08123,0.306494027,-0.031387452,0.0582064,80,10.08,0.13,aggressive,harsh
6.50,4.57642429,90.00396,0.226585686,0.0280725341,0.0239070877,80,10.00,0.13,aggressive,harsh
6.51,4.58491168,89.9987946,0.188393965,0.0174236372,-0.005608406,80,10.00,0.12,aggressive,harsh
6.52,4.58911235,90.01432,0.129453346,0.0248451382,0.00423390837,80,10.01,0.13,aggressive,harsh
6.53,4.59659308,89.9186,-0.2905813,0.02740492,0.02500579,80,9.92,0.12,aggressive,harsh
6.54,4.60590958,89.91801,0.158600032,-0.168418214,-0.07782348,80,9.92,0.12,aggressive,harsh
6.54,4.60956959,89.93882,-0.246817142,0.0224732626,-0.0563649572,80,9.94,0.12,aggressive,harsh
6.55,4.61428792,90.11129,-0.3150025,0.06942833,-0.09750812,80,10.11,0.13,aggressive,harsh
6.56,4.62183079,90.21371,0.133227527,0.0365441367,-0.0350323133,80,10.21,0.13,aggressive,harsh
6.58,4.63328876,89.8664246,-0.03738851,-0.111547709,0.111869872,50,39.87,0.80,aggressive,harsh
6.58,4.63867764,89.81468,-0.330702662,0.0577074178,0.130547374,50,39.81,0.80,aggressive,harsh
6.59,4.64553558,89.7766953,0.147203282,-0.0114993984,-0.06904557,50,39.78,0.80,aggressive,harsh
6.60,4.64967845,89.8454056,0.133531854,-0.006600997,-0.105668135,50,39.85,0.80,aggressive,harsh
6.61,4.65806590,90.1338348,0.123497732,0.0234536063,-0.108929828,50,40.13,0.80,aggressive,harsh
6.62,4.66319853,90.1338348,0.123497732,0.0234536063,-0.108929828,50,40.13,0.80,aggressive,harsh
6.63,4.67096798,90.0806656,0.103894055,0.0134537406,0.09466871,50,40.08,0.80,aggressive,harsh
6.63,4.67562890,89.96938,-0.891439259,0.0711164251,0.103172019,50,39.97,0.80,aggressive,harsh
6.64,4.68319192,90.00619,0.129581153,0.149628073,-0.286720932,50,40.01,0.80,aggressive,harsh
6.65,4.68702211,89.53705,0.4366089,-0.4573464,0.3982582,50,39.54,0.79,aggressive,harsh
6.66,4.69565714,90.23543,-0.135669336,0.32761997,-0.207879737,50,40.24,0.80,aggressive,harsh
6.66,4.69691041,90.23543,-0.135669336,0.32761997,-0.207879737,50,40.24,0.80,aggressive,harsh
6.66,4.69576994,90.23543,-0.135669336,0.32761997,-0.207879737,50,40.24,0.80,aggressive,harsh
6.68,4.70828798,90.11934,-0.493809074,-0.01757467,0.1842106,50,40.12,0.80,aggressive,harsh
6.70,4.72303080,89.6523056,0.464175,0.0306186378,0.01436203,50,39.65,0.79,aggressive,harsh
6.71,4.73340725,90.12168,-0.0261442,0.0004354932,-0.152694121,50,40.12,0.80,aggressive,harsh
6.71,4.73693701,90.12168,-0.0261442,0.0004354932,-0.152694121,50,40.12,0.80,aggressive,harsh
6.73,4.74648401,90.20784,-0.0149166351,0.007170723,0.07845142,50,40.21,0.80,aggressive,harsh
6.73,4.75208749,90.05593,-0.05323291,0.0044157505,0.116596088,50,40.06,0.80,aggressive,harsh
6.74,4.75853981,89.85825,1.03448987,0.0641771,0.0582174473,50,39.86,0.80,aggressive,harsh
6.75,4.76139780,89.85825,1.03448987,0.0641771,0.0582174473,50,39.86,0.80,aggressive,harsh
6.76,4.77123759,90.0209656,-0.08854564,-0.0028361585,-0.102750145,50,40.02,0.80,aggressive,harsh
6.76,4.77282603,90.053154,-0.0860774,-0.00401293952,-0.10660696,50,40.05,0.80,aggressive,harsh
6.78,4.78383289,90.26124,-0.0487675779,0.0112074334,0.00107481866,50,40.26,0.81,aggressive,harsh
6.78,4.78793225,90.26124,-0.0487675779,0.0112074334,0.00107481866,50,40.26,0.81,aggressive,harsh
6.79,4.79648031,89.97953,0.0572145581,0.0296455733,0.08987309,50,39.98,0.80,aggressive,harsh
6.80,4.79792998,89.97953,0.0572145581,0.0296455733,0.08987309,50,39.98,0.80,aggressive,harsh
6.81,4.80910477,89.89775,-0.0009327263,0.0182097666,-0.024972979,50,39.90,0.80,aggressive,harsh
6.81,4.81016606,89.89775,-0.0009327263,0.0182097666,-0.024972979,50,39.90,0.80,aggressive,harsh
6.83,4.82180192,90.08405,-0.0414312221,0.0549082421,-0.0236911811,50,40.08,0.80,aggressive,harsh
6.83,4.82404156,90.08617,-0.0341998078,0.0119653577,-0.00156886736,50,40.09,0.80,aggressive,harsh
6.84,4.83397463,89.9599152,0.019653568,0.0370243937,0.06541607,50,39.96,0.80,aggressive,harsh
6.85,4.83699766,89.94083,0.016146563,0.0226294473,0.0636650547,50,39.94,0.80,aggressive,harsh
6.86,4.84671422,89.80644,-0.0234091729,-0.001819711,0.008548109,50,39.81,0.80,aggressive,harsh
6.86,4.84963293,89.80644,-0.0234091729,-0.001819711,0.008548109,50,39.81,0.80,aggressive,harsh
6.88,4.85941928,89.8746,-0.0116671119,-0.100098461,-0.005334139,50,39.87,0.80,aggressive,harsh
6.89,4.87213203,90.001915,0.00101412274,-0.001282421,-0.0185068212,50,40.00,0.80,aggressive,harsh
6.91,4.88434599,90.01079,-0.815542936,0.0626368,-0.0206927247,50,40.01,0.80,aggressive,harsh
6.91,4.88442100,90.01099,-0.809914052,0.0903518051,-0.0176255852,50,40.01,0.80,aggressive,harsh
6.92,4.89050110,90.0754547,-0.607800543,0.2290797,-0.08108561,80,10.08,0.13,aggressive,harsh
6.93,4.89893288,89.80595,1.15852177,-0.176199108,0.168703109,80,9.81,0.12,aggressive,harsh
6.94,4.90932213,89.79835,0.06648268,0.119012341,-0.202924266,80,9.80,0.12,aggressive,harsh
6.96,4.92203034,90.5049438,-0.0257257968,0.0374264158,-0.0682676956,80,10.50,0.13,aggressive,harsh
6.96,4.92211833,90.5049438,-0.0257257968,0.0374264158,-0.0682676956,80,10.50,0.13,aggressive,harsh
6.98,4.93442237,89.93814,0.0201137513,0.0128126675,0.1935035,80,9.94,0.12,aggressive,harsh
6.98,4.93457226,89.93814,0.0201137513,0.0128126675,0.1935035,80,9.94,0.12,aggressive,harsh
6.99,4.94705090,89.75646,-0.2719407,0.03061175,-0.0349869,80,9.76,0.12,aggressive,harsh
7.01,4.96212589,90.14942,-0.736421,-0.154607326,-0.143778771,80,10.15,0.13,aggressive,harsh
7.02,4.96302738,90.14942,-0.736421,-0.154607326,-0.143778771,80,10.15,0.13,aggressive,harsh
7.03,4.97208630,90.46355,0.166755021,0.0498830043,-0.0207155216,80,10.46,0.13,aggressive,harsh
7.04,4.97795290,90.44866,0.0918978453,-0.05397763,0.0241356678,80,10.45,0.13,aggressive,harsh
7.04,4.98479448,90.21855,0.0568437129,0.0004280815,0.09549243,80,10.22,0.13,aggressive,harsh
7.05,4.98719966,90.19442,0.04416168,0.0121277822,0.09812468,80,10.19,0.13,aggressive,harsh
7.06,4.99754859,89.95415,0.02970569,-0.00520018954,0.03915091,80,9.95,0.12,aggressive,harsh
7.08,5.00986255,89.9193649,-0.2173982,-0.0352477133,0.00718627451,80,9.92,0.12,aggressive,harsh
7.08,5.01221045,89.9193649,-0.2173982,-0.0352477133,0.00718627451,80,9.92,0.12,aggressive,harsh
7.09,5.02271443,89.92712,-0.6815084,0.128196523,-0.0126585737,80,9.93,0.12,aggressive,harsh
7.10,5.02291427,89.92712,-0.6815084,0.128196523,-0.0126585737,80,9.93,0.12,aggressive,harsh
7.11,5.03482520,89.98815,0.124758713,0.00102163013,-0.009705892,80,9.99,0.12,aggressive,harsh
7.13,5.04995356,89.94566,-0.259403765,-0.0802032948,0.0242844168,80,9.95,0.12,aggressive,harsh
7.13,5.05074059,89.94566,-0.259403765,-0.0802032948,0.0242844168,80,9.95,0.12,aggressive,harsh
7.13,5.05215219,89.94267,0.21052514,0.0206910186,0.008593937,80,9.94,0.12,aggressive,harsh
7.14,5.06013349,89.93017,-0.0947280154,0.021651851,0.00366133638,80,9.93,0.12,aggressive,harsh
7.14,5.06020843,89.93017,-0.0947280154,0.021651851,0.00366133638,80,9.93,0.12,aggressive,harsh
7.15,5.06204455,89.93224,-0.206714362,0.0603327826,-0.001111041,80,9.93,0.12,aggressive,harsh
7.16,5.07275312,89.967,0.192226887,0.0172039978,-0.0070622107,80,9.97,0.12,aggressive,harsh
7.16,5.07280310,89.967,0.192226887,0.0172039978,-0.0070622107,80,9.97,0.12,aggressive,harsh
7.18,5.08527577,89.9832,-0.147251248,0.0278916769,-0.0114569161,80,9.98,0.12,aggressive,harsh
7.18,5.08535076,89.9832,-0.147251248,0.0278916769,-0.0114569161,80,9.98,0.12,aggressive,harsh
7.20,5.10018879,89.92744,0.128181785,-0.00132922945,0.02141183,80,9.93,0.12,aggressive,harsh
7.21,5.11091692,89.92149,0.07260494,-0.00311796,-0.0139632747,80,9.92,0.12,aggressive,harsh
7.21,5.11215342,89.9268646,0.06949225,-0.003767723,-0.0166069642,80,9.93,0.12,aggressive,harsh
7.23,5.12512873,90.0022,-0.2469267,0.02565261,-0.0110220229,80,10.00,0.13,aggressive,harsh
7.25,5.13952728,89.99074,0.05327726,-0.133751526,-0.00112248491,80,9.99,0.12,aggressive,harsh
7.26,5.14991143,89.9708939,0.083150126,-0.00449619675,-0.008286772,80,9.97,0.12,aggressive,harsh
7.27,5.15234833,89.97789,-0.318638384,0.0474668741,-0.0130019272,80,9.98,0.12,aggressive,harsh
7.28,5.16447858,90.03898,0.09706547,0.00167280424,-0.0148330629,80,10.04,0.13,aggressive,harsh
7.28,5.16505385,90.04191,0.0921689942,0.000515259,-0.0136886081,80,10.04,0.13,aggressive,harsh
7.30,5.17649634,88.68238,0.06492485,0.012148656,1.272965,80,8.68,0.11,rushed,harsh
7.30,5.17954483,87.09989,0.0585096963,0.0112256967,2.13233614,80,7.10,0.09,rushed,smooth
7.32,5.18674645,76.70357,0.0384285972,-0.008470195,5.372014,80,-3.30,0.00,rushed,smooth
7.32,5.18843047,73.4846649,0.03335383,-0.009371672,5.933106,80,-6.52,0.00,rushed,smooth
7.34,5.19686872,53.0614471,-0.7606803,-0.0282301456,5.2670455,80,-26.94,0.00,safe,smooth
7.34,5.19783623,47.3883438,-0.508381367,-0.0360074043,3.56616855,80,-32.61,0.00,safe,smooth
7.35,5.20123313,40.83085,-0.381341547,-0.0205116738,2.92921638,80,-39.17,0.00,safe,smooth
7.36,5.20445932,37.2252579,-0.3083146,0.009693496,1.62647724,80,-42.77,0.00,safe,smooth
7.37,5.20631867,35.41629,-0.264185846,0.009862494,0.9872133,80,-44.58,0.00,safe,smooth
7.37,5.20830729,35.0074425,-0.295932353,-0.0585857145,0.0188612659,80,-44.99,0.00,safe,smooth
7.38,5.21136756,36.8461151,-0.341275334,-0.0564321242,-1.208847,80,-43.15,0.00,safe,smooth
7.39,5.21401394,39.44913,-0.331637621,-0.0215851888,-1.58559573,80,-40.55,0.00,safe,smooth
7.40,5.21824209,41.81688,0.04674713,0.0508105233,-0.6571626,80,-38.18,0.00,safe,smooth
7.41,5.21974372,42.23333,0.111430988,0.0599474162,-0.2291649,80,-37.77,0.00,safe,smooth
7.42,5.22411215,43.14495,0.378568977,-0.010877382,-0.6115615,80,-36.86,0.00,safe,smooth
7.42,5.22580045,43.88374,0.330561966,-0.0106245205,-0.803395033,80,-36.12,0.00,safe,smooth
7.44,5.23102879,46.8792267,0.255781829,0.008495686,-1.11479521,80,-33.12,0.00,safe,smooth
7.44,5.23296146,47.98348,0.231302291,-0.00258020172,-1.15930319,80,-32.02,0.00,safe,smooth
7.46,5.23839767,50.3094559,0.0385615379,0.05996625,-0.538126945,80,-29.69,0.00,safe,smooth
7.46,5.24014814,50.6159325,0.0964400247,0.03616243,-0.242811814,80,-29.38,0.00,safe,smooth
7.47,5.24627867,50.4455032,0.453981161,0.0228056535,0.182295963,80,-29.55,0.00,safe,smooth
7.48,5.24703438,50.3807068,-0.0326434858,-0.05044561,0.2037316,80,-29.62,0.00,safe,smooth
7.49,5.25298906,49.56493,-0.0492325574,0.00758734,0.3126208,80,-30.44,0.00,safe,smooth
7.49,5.25396272,49.3686562,-0.0433945432,0.0122937951,0.327138126,80,-30.63,0.00,safe,smooth
7.51,5.26007059,48.2200623,-0.027178172,-0.000407883577,0.356413245,80,-31.78,0.00,safe,smooth
7.51,5.26143013,47.9837341,-0.02444574,0.000173754263,0.358101249,80,-32.02,0.00,safe,smooth
7.53,5.26703824,46.8426437,-0.0156044941,-0.00129871431,0.358393073,50,-3.16,0.00,safe,smooth
7.53,5.26815214,46.6285744,-0.0137528032,0.0005807624,0.356796622,50,-3.37,0.00,safe,smooth
7.54,5.27350515,45.71963,0.0147905424,0.008357151,0.34752655,50,-4.28,0.00,safe,smooth
7.55,5.27452866,45.48928,0.0142848566,-0.00236321171,0.348997146,50,-4.51,0.00,safe,smooth
7.56,5.28003388,44.387,0.03872578,0.00858612,0.3430001,50,-5.61,0.00,safe,smooth
7.57,5.28356245,43.7275467,0.0293253884,0.00216403347,0.3422791,50,-6.27,0.00,safe,smooth
7.58,5.28576847,43.27891,0.0245111436,-0.000153527013,0.339131862,50,-6.72,0.00,safe,smooth
7.58,5.28739048,42.9355049,0.021032026,0.00130919577,0.335967481,50,-7.06,0.00,safe,smooth
7.60,5.29436891,41.66226,0.0122017153,-0.00391061325,0.279786229,50,-8.34,0.00,safe,smooth
7.61,5.29814144,41.1548576,0.008646138,-0.00239525619,0.187136889,50,-8.85,0.00,safe,smooth
7.62,5.29967788,40.94888,0.007107113,0.0014868998,0.217367709,50,-9.05,0.00,safe,smooth
7.63,5.30336793,40.13343,0.005463088,0.00203174516,0.3497411,50,-9.87,0.00,safe,smooth
7.63,5.30567496,39.64344,0.00446262257,0.00153612008,0.378003418,50,-10.36,0.00,safe,smooth
7.64,5.30887943,38.84206,0.003246302,-0.00408309046,0.3986494,50,-11.16,0.00,safe,smooth
7.65,5.31062491,38.432724,-0.00000253526377,0.001526142,0.401802331,50,-11.57,0.00,safe,smooth
7.66,5.31408818,37.4407272,-0.000214662927,-0.00170513848,0.402735054,50,-12.56,0.00,safe,smooth
7.67,5.31585619,36.8976059,0.10031464,-0.0123514431,0.422305256,50,-13.10,0.00,safe,smooth
7.68,5.31980602,28.1293144,0.0545993373,-0.0112176081,4.495919,50,-21.87,0.00,safe,smooth
7.70,5.32099482,10.8209457,0.04405296,0.00233096443,6.91170645,50,-39.18,0.00,safe,smooth
7.70,5.32118100,6.1212225,0.04223425,-0.00510348938,7.13214,50,-43.88,0.00,safe,smooth
7.71,5.32117777,0,0.00492224377,0.0167299882,0.102138869,50,-50.00,0.00,safe,smooth
7.71,5.32117723,0,0.00492224377,0.0167299882,0.102138869,50,-50.00,0.00,safe,smooth
7.72,5.32117721,0,0.0000261447312,0.0107275629,-0.0008212703,50,-50.00,0.00,safe,smooth
7.74,5.32117718,0,-0.0000065822187,0.0002094807,-0.00004783357,0,0.00,0.00,safe,smooth
7.75,5.32117717,0,0.00000160645675,0.00000390587229,0.00000326034024,0,0.00,0.00,safe,smooth
7.75,5.32117717,0,0.00000160645675,0.00000390587229,0.00000326034024,0,0.00,0.00,safe,smooth
7.86,5.32117696,0,-0.09001457,0.2800042,0.000356969424,0,0,0,,
7.87,5.32117694,0,-0.09001457,0.2800042,0.000356969424,0,0,0,,
7.88,5.32117693,0,-0.09001457,0.2800042,0.000356969424,0,0,0,,
7.89,5.32117691,0,-0.09001457,0.2800042,0.000356969424,0,0,0,,
7.90,5.32117690,0,-0.09001457,0.2800042,0.000356969424,0,0,0,,
7.91,5.32117688,0,-0.09001457,0.2800042,0.000356969424,0,0,0,,
7.91,5.32117687,0,-0.09001457,0.2800042,0.000356969424,0,0,0,,
7.92,5.32117685,0,-0.09001457,0.2800042,0.000356969424,0,0,0,,
7.93,5.32117684,0,-0.09001457,0.2800042,0.000356969424,0,0,0,,
